age_group,id,abundance,table2_taxon,profile_taxon,model_species_id,species_label,diet,growth_rate,grows_in_diet,growth_rate_full_access,grows_full_access,nongrowing_due_to_competition_or_diet,exchange_flux_raw,net_lysine_exchange_flux_to_environment,lysine_export_flux_to_environment,lysine_uptake_flux_from_environment,LYSabc,LYSt2r,LYSt3,LYSt3r,shown_in_growth_figure,rank_lysine_export_within_panel
21_40,Ruminococcus_torques_ATCC_27756_AGORA1_03,0.0866557943619675,Ruminococcus torques,s__Ruminococcus_torques,Ruminococcus_torques_ATCC_27756_AGORA1_03,Ruminococcus torques,high_fiber,0.2269113591369554,True,3.2045622647018073,True,False,11.442703827790904,11.442703827790904,11.442703827790904,0.0,0.0,-11.442703827790904,0.0,0.0,True,1
21_40,Alistipes_shahii_WAL_8301_AGORA1_03,0.0191038816405932,Alistipes shahii,s__Alistipes_shahii,Alistipes_shahii_WAL_8301_AGORA1_03,Alistipes shahii,high_fiber,0.0502465640927952,True,0.7064551671849957,True,False,-0.0143423792546474,-0.0143423792546474,0.0,0.0143423792546474,0.0,0.0143423792546474,0.0,0.0,True,2
21_40,Bacteroides_dorei_DSM_17855_AGORA1_03,0.0600712753062858,Bacteroides dorei,s__Bacteroides_dorei,Bacteroides_dorei_DSM_17855_AGORA1_03,Bacteroides dorei,high_fiber,0.1571514224375515,True,2.2214166525711367,True,False,-0.0524178569540453,-0.0524178569540453,0.0,0.0524178569540453,0.0,0.0,0.0,-0.0524178569540453,True,2
21_40,Bacteroides_xylanisolvens_XB1A_AGORA1_03,0.0047107290527785,Bacteroides xylanisolvens,s__Bacteroides_xylanisolvens,Bacteroides_xylanisolvens_XB1A_AGORA1_03,Bacteroides xylanisolvens,high_fiber,0.0133458556292132,True,0.1776392160100909,True,False,-0.004451510145124,-0.004451510145124,0.0,0.004451510145124,0.0,0.0,0.0,-0.004451510145124,True,2
21_40,Escherichia_coli_UTI89_UPEC_AGORA1_03,0.0535555160951337,Escherichia coli,s__Escherichia_coli,Escherichia_coli_UTI89_UPEC_AGORA1_03,Escherichia coli,high_fiber,0.1439636336385117,True,1.9804383150694695,True,False,-14.781865032927534,-14.781865032927534,0.0,14.781865032927534,0.0,14.781865032927536,0.0,0.0,True,2
21_40,Faecalibacterium_prausnitzii_M21_2__AGORA1_03,0.758946128170579,Faecalibacterium prausnitzii,s__Faecalibacterium_prausnitzii,Faecalibacterium_prausnitzii_M21_2__AGORA1_03,Faecalibacterium prausnitzii,high_fiber,1.4093077197198902,True,28.058684892853886,True,False,-0.4561929088733283,-0.4561929088733283,0.0,0.4561929088733283,0.0,0.4561929088733283,0.0,0.0,True,2
21_40,Parabacteroides_merdae_ATCC_43184_AGORA1_03,0.0169566753726621,Parabacteroides merdae,s__Parabacteroides_merdae,Parabacteroides_merdae_ATCC_43184_AGORA1_03,Parabacteroides merdae,high_fiber,0.04536233363945,True,0.6270535894776977,True,False,-0.0151306063854385,-0.0151306063854385,0.0,0.0151306063854385,0.0,0.0,0.0,-0.0151306063854385,True,2
21_40,Alistipes_onderdonkii_DSM_19147_AGORA1_03,0.0,Alistipes onderdonkii,s__Alistipes_onderdonkii,Alistipes_onderdonkii_DSM_19147_AGORA1_03,Alistipes onderdonkii,high_fiber,0.0,False,,,,,0.0,0.0,0.0,0.0,0.0,0.0,0.0,False,2
21_40,Bilophila_wadsworthia_3_1_6_AGORA1_03,0.0,Bilophila unclassified,s__Bilophila_wadsworthia,Bilophila_wadsworthia_3_1_6_AGORA1_03,Bilophila unclassified,high_fiber,0.0,False,,,,,0.0,0.0,0.0,0.0,0.0,0.0,0.0,False,2
21_40,Klebsiella_pneumoniae_pneumoniae_MGH78578_AGORA1_03,0.0,Klebsiella pneumoniae,s__Klebsiella_pneumoniae,Klebsiella_pneumoniae_pneumoniae_MGH78578_AGORA1_03,Klebsiella pneumoniae,high_fiber,0.0,False,,,,,0.0,0.0,0.0,0.0,0.0,0.0,0.0,False,2
21_40,Ruminococcus_torques_ATCC_27756_AGORA1_03,0.0866557943619675,Ruminococcus torques,s__Ruminococcus_torques,Ruminococcus_torques_ATCC_27756_AGORA1_03,Ruminococcus torques,western,0.2513103564097569,True,3.2045622647018073,True,False,11.432251863582856,11.432251863582856,11.432251863582856,0.0,0.0,-11.432251863582856,0.0,0.0,True,1
21_40,Alistipes_shahii_WAL_8301_AGORA1_03,0.0191038816405932,Alistipes shahii,s__Alistipes_shahii,Alistipes_shahii_WAL_8301_AGORA1_03,Alistipes shahii,western,0.0561309861422674,True,0.7064551671849957,True,False,-0.0160220286844488,-0.0160220286844488,0.0,0.0160220286844488,0.0,0.0160220286844488,0.0,0.0,True,2
21_40,Bacteroides_dorei_DSM_17855_AGORA1_03,0.0600712753062858,Bacteroides dorei,s__Bacteroides_dorei,Bacteroides_dorei_DSM_17855_AGORA1_03,Bacteroides dorei,western,0.1737636820910512,True,2.2214166525711367,True,False,-0.0579588761614701,-0.0579588761614701,0.0,0.0579588761614701,0.0,0.0,0.0,-0.0579588761614701,True,2
21_40,Bacteroides_xylanisolvens_XB1A_AGORA1_03,0.0047107290527785,Bacteroides xylanisolvens,s__Bacteroides_xylanisolvens,Bacteroides_xylanisolvens_XB1A_AGORA1_03,Bacteroides xylanisolvens,western,0.0148092776960422,True,0.1776392160100909,True,False,-0.0049396345755149,-0.0049396345755149,0.0,0.0049396345755149,0.0,0.0,0.0,-0.0049396345755149,True,2
21_40,Escherichia_coli_UTI89_UPEC_AGORA1_03,0.0535555160951337,Escherichia coli,s__Escherichia_coli,Escherichia_coli_UTI89_UPEC_AGORA1_03,Escherichia coli,western,0.1582574115010112,True,1.9804383150694695,True,False,-13.985671837599224,-13.985671837599224,0.0,13.985671837599224,0.0,13.985671837599227,0.0,0.0,True,2
21_40,Faecalibacterium_prausnitzii_M21_2__AGORA1_03,0.758946128170579,Faecalibacterium prausnitzii,s__Faecalibacterium_prausnitzii,Faecalibacterium_prausnitzii_M21_2__AGORA1_03,Faecalibacterium prausnitzii,western,1.5775931117433586,True,28.058684892853886,True,False,-0.5106668902713161,-0.5106668902713161,0.0,0.5106668902713161,0.0,0.5106668902713161,0.0,0.0,True,2
21_40,Parabacteroides_merdae_ATCC_43184_AGORA1_03,0.0169566753726621,Parabacteroides merdae,s__Parabacteroides_merdae,Parabacteroides_merdae_ATCC_43184_AGORA1_03,Parabacteroides merdae,western,0.0497389361345239,True,0.6270535894776977,True,False,-0.0165904221476704,-0.0165904221476704,0.0,0.0165904221476704,0.0,0.0,0.0,-0.0165904221476704,True,2
21_40,Alistipes_onderdonkii_DSM_19147_AGORA1_03,0.0,Alistipes onderdonkii,s__Alistipes_onderdonkii,Alistipes_onderdonkii_DSM_19147_AGORA1_03,Alistipes onderdonkii,western,0.0,False,,,,,0.0,0.0,0.0,0.0,0.0,0.0,0.0,False,2
21_40,Bilophila_wadsworthia_3_1_6_AGORA1_03,0.0,Bilophila unclassified,s__Bilophila_wadsworthia,Bilophila_wadsworthia_3_1_6_AGORA1_03,Bilophila unclassified,western,0.0,False,,,,,0.0,0.0,0.0,0.0,0.0,0.0,0.0,False,2
21_40,Klebsiella_pneumoniae_pneumoniae_MGH78578_AGORA1_03,0.0,Klebsiella pneumoniae,s__Klebsiella_pneumoniae,Klebsiella_pneumoniae_pneumoniae_MGH78578_AGORA1_03,Klebsiella pneumoniae,western,0.0,False,,,,,0.0,0.0,0.0,0.0,0.0,0.0,0.0,False,2
41_60,Parabacteroides_merdae_ATCC_43184_AGORA1_03,0.0344135169194661,Parabacteroides merdae,s__Parabacteroides_merdae,Parabacteroides_merdae_ATCC_43184_AGORA1_03,Parabacteroides merdae,high_fiber,0.1073036444378507,True,1.9126174951834345,True,False,28.842372875992027,28.842372875992027,28.842372875992027,0.0,0.0,0.0,0.0,28.842372875992027,True,1
41_60,Bacteroides_dorei_DSM_17855_AGORA1_03,0.0482793083627024,Bacteroides dorei,s__Bacteroides_dorei,Bacteroides_dorei_DSM_17855_AGORA1_03,Bacteroides dorei,high_fiber,0.1499518738050568,True,2.683246367850401,True,False,-0.0500164475076767,-0.0500164475076767,0.0,0.0500164475076767,0.0,0.0,0.0,-0.0500164475076767,True,2
41_60,Escherichia_coli_UTI89_UPEC_AGORA1_03,0.1470087604426173,Escherichia coli,s__Escherichia_coli,Escherichia_coli_UTI89_UPEC_AGORA1_03,Escherichia coli,high_fiber,0.4486992367250395,True,8.170383797644496,True,False,-5.398354227089506,-5.398354227089506,0.0,5.398354227089506,0.0,5.398354227089506,0.0,0.0,True,2
41_60,Faecalibacterium_prausnitzii_M21_2__AGORA1_03,0.6235721227371609,Faecalibacterium prausnitzii,s__Faecalibacterium_prausnitzii,Faecalibacterium_prausnitzii_M21_2__AGORA1_03,Faecalibacterium prausnitzii,high_fiber,1.6079698294490723,True,34.656066372060806,True,False,-0.5204998337926647,-0.5204998337926647,0.0,0.5204998337926647,0.0,0.5204998337926647,0.0,0.0,True,2
41_60,Ruminococcus_torques_ATCC_27756_AGORA1_03,0.1467262915380531,Ruminococcus torques,s__Ruminococcus_torques,Ruminococcus_torques_ATCC_27756_AGORA1_03,Ruminococcus torques,high_fiber,0.4490790527711514,True,8.154687352680982,True,False,-0.1497903180518175,-0.1497903180518175,0.0,0.1497903180518175,0.0,0.1497903180518175,0.0,0.0,True,2
41_60,Alistipes_onderdonkii_DSM_19147_AGORA1_03,0.0,Alistipes onderdonkii,s__Alistipes_onderdonkii,Alistipes_onderdonkii_DSM_19147_AGORA1_03,Alistipes onderdonkii,high_fiber,0.0,False,,,,,0.0,0.0,0.0,0.0,0.0,0.0,0.0,False,2
41_60,Alistipes_shahii_WAL_8301_AGORA1_03,0.0,Alistipes shahii,s__Alistipes_shahii,Alistipes_shahii_WAL_8301_AGORA1_03,Alistipes shahii,high_fiber,0.0,False,,,,,0.0,0.0,0.0,0.0,0.0,0.0,0.0,False,2
41_60,Bacteroides_xylanisolvens_XB1A_AGORA1_03,0.0,Bacteroides xylanisolvens,s__Bacteroides_xylanisolvens,Bacteroides_xylanisolvens_XB1A_AGORA1_03,Bacteroides xylanisolvens,high_fiber,0.0,False,,,,,0.0,0.0,0.0,0.0,0.0,0.0,0.0,False,2
41_60,Bilophila_wadsworthia_3_1_6_AGORA1_03,0.0,Bilophila unclassified,s__Bilophila_wadsworthia,Bilophila_wadsworthia_3_1_6_AGORA1_03,Bilophila unclassified,high_fiber,0.0,False,,,,,0.0,0.0,0.0,0.0,0.0,0.0,0.0,False,2
41_60,Klebsiella_pneumoniae_pneumoniae_MGH78578_AGORA1_03,0.0,Klebsiella pneumoniae,s__Klebsiella_pneumoniae,Klebsiella_pneumoniae_pneumoniae_MGH78578_AGORA1_03,Klebsiella pneumoniae,high_fiber,0.0,False,,,,,0.0,0.0,0.0,0.0,0.0,0.0,0.0,False,2
41_60,Parabacteroides_merdae_ATCC_43184_AGORA1_03,0.0344135169194661,Parabacteroides merdae,s__Parabacteroides_merdae,Parabacteroides_merdae_ATCC_43184_AGORA1_03,Parabacteroides merdae,western,0.1178922682878079,True,1.9126174951834345,True,False,28.820037360202445,28.820037360202445,28.820037360202445,0.0,0.0,0.0,0.0,28.820037360202445,True,1
41_60,Bacteroides_dorei_DSM_17855_AGORA1_03,0.0482793083627024,Bacteroides dorei,s__Bacteroides_dorei,Bacteroides_dorei_DSM_17855_AGORA1_03,Bacteroides dorei,western,0.1646999734957666,True,2.683246367850401,True,False,-0.0549356761595129,-0.0549356761595129,0.0,0.0549356761595129,0.0,0.0,0.0,-0.0549356761595129,True,2
41_60,Escherichia_coli_UTI89_UPEC_AGORA1_03,0.1470087604426173,Escherichia coli,s__Escherichia_coli,Escherichia_coli_UTI89_UPEC_AGORA1_03,Escherichia coli,western,0.4948161686955794,True,8.170383797644496,True,False,-5.107188979150907,-5.107188979150907,0.0,5.107188979150907,0.0,5.107188979150907,0.0,0.0,True,2
41_60,Faecalibacterium_prausnitzii_M21_2__AGORA1_03,0.6235721227371609,Faecalibacterium prausnitzii,s__Faecalibacterium_prausnitzii,Faecalibacterium_prausnitzii_M21_2__AGORA1_03,Faecalibacterium prausnitzii,western,1.8036689056267972,True,34.656066372060806,True,False,-0.5838476247513942,-0.5838476247513942,0.0,0.5838476247513942,0.0,0.5838476247513942,0.0,0.0,True,2
41_60,Ruminococcus_torques_ATCC_27756_AGORA1_03,0.1467262915380531,Ruminococcus torques,s__Ruminococcus_torques,Ruminococcus_torques_ATCC_27756_AGORA1_03,Ruminococcus torques,western,0.4959887193762354,True,8.154687352680982,True,False,-0.1654370373479433,-0.1654370373479433,0.0,0.1654370373479433,0.0,0.1654370373479433,0.0,0.0,True,2
41_60,Alistipes_onderdonkii_DSM_19147_AGORA1_03,0.0,Alistipes onderdonkii,s__Alistipes_onderdonkii,Alistipes_onderdonkii_DSM_19147_AGORA1_03,Alistipes onderdonkii,western,0.0,False,,,,,0.0,0.0,0.0,0.0,0.0,0.0,0.0,False,2
41_60,Alistipes_shahii_WAL_8301_AGORA1_03,0.0,Alistipes shahii,s__Alistipes_shahii,Alistipes_shahii_WAL_8301_AGORA1_03,Alistipes shahii,western,0.0,False,,,,,0.0,0.0,0.0,0.0,0.0,0.0,0.0,False,2
41_60,Bacteroides_xylanisolvens_XB1A_AGORA1_03,0.0,Bacteroides xylanisolvens,s__Bacteroides_xylanisolvens,Bacteroides_xylanisolvens_XB1A_AGORA1_03,Bacteroides xylanisolvens,western,0.0,False,,,,,0.0,0.0,0.0,0.0,0.0,0.0,0.0,False,2
41_60,Bilophila_wadsworthia_3_1_6_AGORA1_03,0.0,Bilophila unclassified,s__Bilophila_wadsworthia,Bilophila_wadsworthia_3_1_6_AGORA1_03,Bilophila unclassified,western,0.0,False,,,,,0.0,0.0,0.0,0.0,0.0,0.0,0.0,False,2
41_60,Klebsiella_pneumoniae_pneumoniae_MGH78578_AGORA1_03,0.0,Klebsiella pneumoniae,s__Klebsiella_pneumoniae,Klebsiella_pneumoniae_pneumoniae_MGH78578_AGORA1_03,Klebsiella pneumoniae,western,0.0,False,,,,,0.0,0.0,0.0,0.0,0.0,0.0,0.0,False,2
61_70,Ruminococcus_torques_ATCC_27756_AGORA1_03,0.0937346039002896,Ruminococcus torques,s__Ruminococcus_torques,Ruminococcus_torques_ATCC_27756_AGORA1_03,Ruminococcus torques,high_fiber,0.2014017804525826,True,3.0130412424771156,True,False,10.582398271051115,10.582398271051115,10.582398271051115,0.0,0.0,-10.582398271051115,0.0,0.0,True,1
61_70,Bacteroides_dorei_DSM_17855_AGORA1_03,0.0332419398335446,Bacteroides dorei,s__Bacteroides_dorei,Bacteroides_dorei_DSM_17855_AGORA1_03,Bacteroides dorei,high_fiber,0.0725248039920202,True,1.068526775861392,True,False,-0.0241906483715383,-0.0241906483715383,0.0,0.0241906483715383,0.0,0.0,0.0,-0.0241906483715383,True,2
61_70,Escherichia_coli_UTI89_UPEC_AGORA1_03,0.0504197179075042,Escherichia coli,s__Escherichia_coli,Escherichia_coli_UTI89_UPEC_AGORA1_03,Escherichia coli,high_fiber,0.1116184582340976,True,1.62094796786907,True,False,-16.452015336959686,-16.452015336959686,0.0,16.452015336959686,0.0,16.452015336959686,0.0,0.0,True,2
61_70,Faecalibacterium_prausnitzii_M21_2__AGORA1_03,0.8049498195994165,Faecalibacterium prausnitzii,s__Faecalibacterium_prausnitzii,Faecalibacterium_prausnitzii_M21_2__AGORA1_03,Faecalibacterium prausnitzii,high_fiber,1.1950788919595272,True,25.872444549874302,True,False,-0.3868470373272989,-0.3868470373272989,0.0,0.3868470373272989,0.0,0.3868470373272989,0.0,0.0,True,2
61_70,Parabacteroides_merdae_ATCC_43184_AGORA1_03,0.017653918759245,Parabacteroides merdae,s__Parabacteroides_merdae,Parabacteroides_merdae_ATCC_43184_AGORA1_03,Parabacteroides merdae,high_fiber,0.0397966161979777,True,0.5674653400441229,True,False,-0.0132741613328354,-0.0132741613328354,0.0,0.0132741613328354,0.0,0.0,0.0,-0.0132741613328354,True,2
61_70,Alistipes_onderdonkii_DSM_19147_AGORA1_03,0.0,Alistipes onderdonkii,s__Alistipes_onderdonkii,Alistipes_onderdonkii_DSM_19147_AGORA1_03,Alistipes onderdonkii,high_fiber,0.0,False,,,,,0.0,0.0,0.0,0.0,0.0,0.0,0.0,False,2
61_70,Alistipes_shahii_WAL_8301_AGORA1_03,0.0,Alistipes shahii,s__Alistipes_shahii,Alistipes_shahii_WAL_8301_AGORA1_03,Alistipes shahii,high_fiber,0.0,False,,,,,0.0,0.0,0.0,0.0,0.0,0.0,0.0,False,2
61_70,Bacteroides_xylanisolvens_XB1A_AGORA1_03,0.0,Bacteroides xylanisolvens,s__Bacteroides_xylanisolvens,Bacteroides_xylanisolvens_XB1A_AGORA1_03,Bacteroides xylanisolvens,high_fiber,0.0,False,,,,,0.0,0.0,0.0,0.0,0.0,0.0,0.0,False,2
61_70,Bilophila_wadsworthia_3_1_6_AGORA1_03,0.0,Bilophila unclassified,s__Bilophila_wadsworthia,Bilophila_wadsworthia_3_1_6_AGORA1_03,Bilophila unclassified,high_fiber,0.0,False,,,,,0.0,0.0,0.0,0.0,0.0,0.0,0.0,False,2
61_70,Klebsiella_pneumoniae_pneumoniae_MGH78578_AGORA1_03,0.0,Klebsiella pneumoniae,s__Klebsiella_pneumoniae,Klebsiella_pneumoniae_pneumoniae_MGH78578_AGORA1_03,Klebsiella pneumoniae,high_fiber,0.0,False,,,,,0.0,0.0,0.0,0.0,0.0,0.0,0.0,False,2
61_70,Ruminococcus_torques_ATCC_27756_AGORA1_03,0.0937346039002896,Ruminococcus torques,s__Ruminococcus_torques,Ruminococcus_torques_ATCC_27756_AGORA1_03,Ruminococcus torques,western,0.229581644050843,True,3.0130412424771156,True,False,10.570366365884444,10.570366365884444,10.570366365884444,0.0,0.0,-10.570366365884444,0.0,0.0,True,1
61_70,Bacteroides_dorei_DSM_17855_AGORA1_03,0.0332419398335446,Bacteroides dorei,s__Bacteroides_dorei,Bacteroides_dorei_DSM_17855_AGORA1_03,Bacteroides dorei,western,0.0823912315712476,True,1.068526775861392,True,False,-0.0274815952905896,-0.0274815952905896,0.0,0.0274815952905896,0.0,0.0,0.0,-0.0274815952905896,True,2
61_70,Escherichia_coli_UTI89_UPEC_AGORA1_03,0.0504197179075042,Escherichia coli,s__Escherichia_coli,Escherichia_coli_UTI89_UPEC_AGORA1_03,Escherichia coli,western,0.1268581492016043,True,1.62094796786907,True,False,-15.628121352126506,-15.628121352126506,0.0,15.628121352126506,0.0,15.628121352126504,0.0,0.0,True,2
61_70,Faecalibacterium_prausnitzii_M21_2__AGORA1_03,0.8049498195994165,Faecalibacterium prausnitzii,s__Faecalibacterium_prausnitzii,Faecalibacterium_prausnitzii_M21_2__AGORA1_03,Faecalibacterium prausnitzii,western,1.3496475606772718,True,25.872444549874302,True,False,-0.4368809153912328,-0.4368809153912328,0.0,0.4368809153912328,0.0,0.4368809153912328,0.0,0.0,True,2
61_70,Parabacteroides_merdae_ATCC_43184_AGORA1_03,0.017653918759245,Parabacteroides merdae,s__Parabacteroides_merdae,Parabacteroides_merdae_ATCC_43184_AGORA1_03,Parabacteroides merdae,western,0.0446430162430093,True,0.5674653400441229,True,False,-0.0148906780678557,-0.0148906780678557,0.0,0.0148906780678557,0.0,0.0,0.0,-0.0148906780678557,True,2
61_70,Alistipes_onderdonkii_DSM_19147_AGORA1_03,0.0,Alistipes onderdonkii,s__Alistipes_onderdonkii,Alistipes_onderdonkii_DSM_19147_AGORA1_03,Alistipes onderdonkii,western,0.0,False,,,,,0.0,0.0,0.0,0.0,0.0,0.0,0.0,False,2
61_70,Alistipes_shahii_WAL_8301_AGORA1_03,0.0,Alistipes shahii,s__Alistipes_shahii,Alistipes_shahii_WAL_8301_AGORA1_03,Alistipes shahii,western,0.0,False,,,,,0.0,0.0,0.0,0.0,0.0,0.0,0.0,False,2
61_70,Bacteroides_xylanisolvens_XB1A_AGORA1_03,0.0,Bacteroides xylanisolvens,s__Bacteroides_xylanisolvens,Bacteroides_xylanisolvens_XB1A_AGORA1_03,Bacteroides xylanisolvens,western,0.0,False,,,,,0.0,0.0,0.0,0.0,0.0,0.0,0.0,False,2
61_70,Bilophila_wadsworthia_3_1_6_AGORA1_03,0.0,Bilophila unclassified,s__Bilophila_wadsworthia,Bilophila_wadsworthia_3_1_6_AGORA1_03,Bilophila unclassified,western,0.0,False,,,,,0.0,0.0,0.0,0.0,0.0,0.0,0.0,False,2
61_70,Klebsiella_pneumoniae_pneumoniae_MGH78578_AGORA1_03,0.0,Klebsiella pneumoniae,s__Klebsiella_pneumoniae,Klebsiella_pneumoniae_pneumoniae_MGH78578_AGORA1_03,Klebsiella pneumoniae,western,0.0,False,,,,,0.0,0.0,0.0,0.0,0.0,0.0,0.0,False,2
71_80,Alistipes_onderdonkii_DSM_19147_AGORA1_03,0.1380956664475209,Alistipes onderdonkii,s__Alistipes_onderdonkii,Alistipes_onderdonkii_DSM_19147_AGORA1_03,Alistipes onderdonkii,high_fiber,0.5967633650277573,True,15.712458767526837,True,False,7.056091065223605,7.056091065223605,7.056091065223605,0.0,0.0,-7.056091065223605,0.0,0.0,True,1
71_80,Bacteroides_dorei_DSM_17855_AGORA1_03,0.1123106399263329,Bacteroides dorei,s__Bacteroides_dorei,Bacteroides_dorei_DSM_17855_AGORA1_03,Bacteroides dorei,high_fiber,0.4853374007977796,True,12.778650470775002,True,False,-0.1618842900360994,-0.1618842900360994,0.0,0.1618842900360994,0.0,0.0,0.0,-0.1618842900360994,True,2
71_80,Bacteroides_xylanisolvens_XB1A_AGORA1_03,0.0068372238458228,Bacteroides xylanisolvens,s__Bacteroides_xylanisolvens,Bacteroides_xylanisolvens_XB1A_AGORA1_03,Bacteroides xylanisolvens,high_fiber,0.030560269264373,True,0.7779360431382543,True,False,-0.0101933778131316,-0.0101933778131316,0.0,0.0101933778131316,0.0,0.0,0.0,-0.0101933778131316,True,2
71_80,Escherichia_coli_UTI89_UPEC_AGORA1_03,0.4488024582035857,Escherichia coli,s__Escherichia_coli,Escherichia_coli_UTI89_UPEC_AGORA1_03,Escherichia coli,high_fiber,1.9394446584903453,True,51.06452601638642,True,False,-0.6469017658394547,-0.6469017658394547,0.0,0.6469017658394547,0.0,0.6469017658394547,0.0,0.0,True,2
71_80,Faecalibacterium_prausnitzii_M21_2__AGORA1_03,0.2370810988590241,Faecalibacterium prausnitzii,s__Faecalibacterium_prausnitzii,Faecalibacterium_prausnitzii_M21_2__AGORA1_03,Faecalibacterium prausnitzii,high_fiber,1.0245239068805687,True,26.975471485537,True,False,-0.3316383886572401,-0.3316383886572401,0.0,0.3316383886572401,0.0,0.3316383886572401,0.0,0.0,True,2
71_80,Klebsiella_pneumoniae_pneumoniae_MGH78578_AGORA1_03,0.0134427633340513,Klebsiella pneumoniae,s__Klebsiella_pneumoniae,Klebsiella_pneumoniae_pneumoniae_MGH78578_AGORA1_03,Klebsiella pneumoniae,high_fiber,0.0596478328403401,True,1.529489792839421,True,False,-0.0198955346438954,-0.0198955346438954,0.0,0.0198955346438954,0.0,0.0198955346438954,0.0,0.0,True,2
71_80,Ruminococcus_torques_ATCC_27756_AGORA1_03,0.043430149383662,Ruminococcus torques,s__Ruminococcus_torques,Ruminococcus_torques_ATCC_27756_AGORA1_03,Ruminococcus torques,high_fiber,0.1876778424685331,True,4.941461353888631,True,False,-0.0625999443553792,-0.0625999443553792,0.0,0.0625999443553792,0.0,0.0625999443553792,0.0,0.0,True,2
71_80,Alistipes_shahii_WAL_8301_AGORA1_03,0.0,Alistipes shahii,s__Alistipes_shahii,Alistipes_shahii_WAL_8301_AGORA1_03,Alistipes shahii,high_fiber,0.0,False,,,,,0.0,0.0,0.0,0.0,0.0,0.0,0.0,False,2
71_80,Bilophila_wadsworthia_3_1_6_AGORA1_03,0.0,Bilophila unclassified,s__Bilophila_wadsworthia,Bilophila_wadsworthia_3_1_6_AGORA1_03,Bilophila unclassified,high_fiber,0.0,False,,,,,0.0,0.0,0.0,0.0,0.0,0.0,0.0,False,2
71_80,Parabacteroides_merdae_ATCC_43184_AGORA1_03,0.0,Parabacteroides merdae,s__Parabacteroides_merdae,Parabacteroides_merdae_ATCC_43184_AGORA1_03,Parabacteroides merdae,high_fiber,0.0,False,,,,,0.0,0.0,0.0,0.0,0.0,0.0,0.0,False,2
71_80,Alistipes_onderdonkii_DSM_19147_AGORA1_03,0.1380956664475209,Alistipes onderdonkii,s__Alistipes_onderdonkii,Alistipes_onderdonkii_DSM_19147_AGORA1_03,Alistipes onderdonkii,western,0.6720141198540165,True,15.712458767526837,True,False,7.032729393137038,7.032729393137038,7.032729393137038,0.0,0.0,-7.032729393137038,0.0,0.0,True,1
71_80,Bacteroides_dorei_DSM_17855_AGORA1_03,0.1123106399263329,Bacteroides dorei,s__Bacteroides_dorei,Bacteroides_dorei_DSM_17855_AGORA1_03,Bacteroides dorei,western,0.5465365581808359,True,12.778650470775002,True,False,-0.1822972689812178,-0.1822972689812178,0.0,0.1822972689812178,0.0,0.0,0.0,-0.1822972689812178,True,2
71_80,Bacteroides_xylanisolvens_XB1A_AGORA1_03,0.0068372238458228,Bacteroides xylanisolvens,s__Bacteroides_xylanisolvens,Bacteroides_xylanisolvens_XB1A_AGORA1_03,Bacteroides xylanisolvens,western,0.0343038426019817,True,0.7779360431382543,True,False,-0.011442046699891,-0.011442046699891,0.0,0.011442046699891,0.0,0.0,0.0,-0.011442046699891,True,2
71_80,Escherichia_coli_UTI89_UPEC_AGORA1_03,0.4488024582035857,Escherichia coli,s__Escherichia_coli,Escherichia_coli_UTI89_UPEC_AGORA1_03,Escherichia coli,western,2.1840034362591663,True,51.06452601638642,True,False,-2.2475998462743214,-2.2475998462743214,0.0,2.2475998462743214,0.0,0.7284743461642449,0.0,0.0,True,2
71_80,Faecalibacterium_prausnitzii_M21_2__AGORA1_03,0.2370810988590241,Faecalibacterium prausnitzii,s__Faecalibacterium_prausnitzii,Faecalibacterium_prausnitzii_M21_2__AGORA1_03,Faecalibacterium prausnitzii,western,1.1537080598139708,True,26.975471485537,True,False,-0.3734552989617823,-0.3734552989617823,0.0,0.3734552989617823,0.0,0.3734552989617823,0.0,0.0,True,2
71_80,Klebsiella_pneumoniae_pneumoniae_MGH78578_AGORA1_03,0.0134427633340513,Klebsiella pneumoniae,s__Klebsiella_pneumoniae,Klebsiella_pneumoniae_pneumoniae_MGH78578_AGORA1_03,Klebsiella pneumoniae,western,0.0687393016337517,True,1.529489792839421,True,False,-0.0229279940599378,-0.0229279940599378,0.0,0.0229279940599378,0.0,0.0229279940599378,0.0,0.0,True,2
71_80,Ruminococcus_torques_ATCC_27756_AGORA1_03,0.043430149383662,Ruminococcus torques,s__Ruminococcus_torques,Ruminococcus_torques_ATCC_27756_AGORA1_03,Ruminococcus torques,western,0.2113438288619818,True,4.941461353888631,True,False,-0.070493734116914,-0.070493734116914,0.0,0.070493734116914,0.0,0.070493734116914,0.0,0.0,True,2
71_80,Alistipes_shahii_WAL_8301_AGORA1_03,0.0,Alistipes shahii,s__Alistipes_shahii,Alistipes_shahii_WAL_8301_AGORA1_03,Alistipes shahii,western,0.0,False,,,,,0.0,0.0,0.0,0.0,0.0,0.0,0.0,False,2
71_80,Bilophila_wadsworthia_3_1_6_AGORA1_03,0.0,Bilophila unclassified,s__Bilophila_wadsworthia,Bilophila_wadsworthia_3_1_6_AGORA1_03,Bilophila unclassified,western,0.0,False,,,,,0.0,0.0,0.0,0.0,0.0,0.0,0.0,False,2
71_80,Parabacteroides_merdae_ATCC_43184_AGORA1_03,0.0,Parabacteroides merdae,s__Parabacteroides_merdae,Parabacteroides_merdae_ATCC_43184_AGORA1_03,Parabacteroides merdae,western,0.0,False,,,,,0.0,0.0,0.0,0.0,0.0,0.0,0.0,False,2
81_plus,Alistipes_onderdonkii_DSM_19147_AGORA1_03,0.0748348746955007,Alistipes onderdonkii,s__Alistipes_onderdonkii,Alistipes_onderdonkii_DSM_19147_AGORA1_03,Alistipes onderdonkii,high_fiber,0.7057634524726291,True,13.368959085502675,True,False,13.072793343504737,13.072793343504737,13.072793343504737,0.0,0.0,-13.072793343504737,0.0,0.0,True,1
81_plus,Alistipes_shahii_WAL_8301_AGORA1_03,0.028243680082098,Alistipes shahii,s__Alistipes_shahii,Alistipes_shahii_WAL_8301_AGORA1_03,Alistipes shahii,high_fiber,0.2663645435651077,True,5.045622716703699,True,False,-0.0760310953152243,-0.0760310953152243,0.0,0.0760310953152243,0.0,0.0760310953152243,0.0,0.0,True,2
81_plus,Bacteroides_dorei_DSM_17855_AGORA1_03,0.1298087451709459,Bacteroides dorei,s__Bacteroides_dorei,Bacteroides_dorei_DSM_17855_AGORA1_03,Bacteroides dorei,high_fiber,1.224218923003351,True,23.18982048633058,True,False,-0.4083382217677676,-0.4083382217677676,0.0,0.4083382217677676,0.0,0.0,0.0,-0.4083382217677676,True,2
81_plus,Bacteroides_xylanisolvens_XB1A_AGORA1_03,0.0351024294845758,Bacteroides xylanisolvens,s__Bacteroides_xylanisolvens,Bacteroides_xylanisolvens_XB1A_AGORA1_03,Bacteroides xylanisolvens,high_fiber,0.3310488858845388,True,6.270912221516535,True,False,-0.1104213558867879,-0.1104213558867879,0.0,0.1104213558867879,0.0,0.0,0.0,-0.1104213558867879,True,2
81_plus,Escherichia_coli_UTI89_UPEC_AGORA1_03,0.2925078243286016,Escherichia coli,s__Escherichia_coli,Escherichia_coli_UTI89_UPEC_AGORA1_03,Escherichia coli,high_fiber,2.758624653403492,True,52.255357215164445,True,False,-2.9370955711369127,-2.9370955711369127,0.0,2.9370955711369127,0.0,0.9201392531427346,0.0,0.0,True,2
81_plus,Faecalibacterium_prausnitzii_M21_2__AGORA1_03,0.2119676857812636,Faecalibacterium prausnitzii,s__Faecalibacterium_prausnitzii,Faecalibacterium_prausnitzii_M21_2__AGORA1_03,Faecalibacterium prausnitzii,high_fiber,1.9990556493944789,True,37.865523648829395,True,False,-0.6470943137089928,-0.6470943137089928,0.0,0.6470943137089928,0.0,0.6470943137089928,0.0,0.0,True,2
81_plus,Klebsiella_pneumoniae_pneumoniae_MGH78578_AGORA1_03,0.0310327184401486,Klebsiella pneumoniae,s__Klebsiella_pneumoniae,Klebsiella_pneumoniae_pneumoniae_MGH78578_AGORA1_03,Klebsiella pneumoniae,high_fiber,0.2926678009931625,True,5.543871473201597,True,False,-0.0976193450212693,-0.0976193450212693,0.0,0.0976193450212693,0.0,0.0976193450212693,0.0,0.0,True,2
81_plus,Parabacteroides_merdae_ATCC_43184_AGORA1_03,0.1365394735762943,Parabacteroides merdae,s__Parabacteroides_merdae,Parabacteroides_merdae_ATCC_43184_AGORA1_03,Parabacteroides merdae,high_fiber,1.287696927617431,True,24.392238178413187,True,False,-0.4295113102067941,-0.4295113102067941,0.0,0.4295113102067941,0.0,0.0,0.0,-0.4295113102067941,True,2
81_plus,Ruminococcus_torques_ATCC_27756_AGORA1_03,0.0599625684405712,Ruminococcus torques,s__Ruminococcus_torques,Ruminococcus_torques_ATCC_27756_AGORA1_03,Ruminococcus torques,high_fiber,0.5655035697090417,True,10.712084814031888,True,False,-0.1886237156764508,-0.1886237156764508,0.0,0.1886237156764508,0.0,0.1886237156764508,0.0,0.0,True,2
81_plus,Bilophila_wadsworthia_3_1_6_AGORA1_03,0.0,Bilophila unclassified,s__Bilophila_wadsworthia,Bilophila_wadsworthia_3_1_6_AGORA1_03,Bilophila unclassified,high_fiber,0.0,False,,,,,0.0,0.0,0.0,0.0,0.0,0.0,0.0,False,2
81_plus,Alistipes_onderdonkii_DSM_19147_AGORA1_03,0.0748348746955007,Alistipes onderdonkii,s__Alistipes_onderdonkii,Alistipes_onderdonkii_DSM_19147_AGORA1_03,Alistipes onderdonkii,western,0.7385108629384524,True,13.368959085502675,True,False,13.059386602826368,13.059386602826368,13.059386602826368,0.0,0.0,-13.059386602826368,0.0,0.0,True,1
81_plus,Alistipes_shahii_WAL_8301_AGORA1_03,0.028243680082098,Alistipes shahii,s__Alistipes_shahii,Alistipes_shahii_WAL_8301_AGORA1_03,Alistipes shahii,western,0.2785475384523569,True,5.045622716703699,True,False,-0.0795086093758407,-0.0795086093758407,0.0,0.0795086093758407,0.0,0.0795086093758407,0.0,0.0,True,2
81_plus,Bacteroides_dorei_DSM_17855_AGORA1_03,0.1298087451709459,Bacteroides dorei,s__Bacteroides_dorei,Bacteroides_dorei_DSM_17855_AGORA1_03,Bacteroides dorei,western,1.2802126326101455,True,23.18982048633058,True,False,-0.4270149236071141,-0.4270149236071141,0.0,0.4270149236071141,0.0,0.0,0.0,-0.4270149236071141,True,2
81_plus,Bacteroides_xylanisolvens_XB1A_AGORA1_03,0.0351024294845758,Bacteroides xylanisolvens,s__Bacteroides_xylanisolvens,Bacteroides_xylanisolvens_XB1A_AGORA1_03,Bacteroides xylanisolvens,western,0.3461863141977541,True,6.270912221516535,True,False,-0.1154704451006609,-0.1154704451006609,0.0,0.1154704451006609,0.0,0.0,0.0,-0.1154704451006609,True,2
81_plus,Escherichia_coli_UTI89_UPEC_AGORA1_03,0.2925078243286016,Escherichia coli,s__Escherichia_coli,Escherichia_coli_UTI89_UPEC_AGORA1_03,Escherichia coli,western,2.8847986339094573,True,52.255357215164445,True,False,-0.9622245843404996,-0.9622245843404996,0.0,0.9622245843404996,0.0,0.9622245843404996,0.0,0.0,True,2
81_plus,Faecalibacterium_prausnitzii_M21_2__AGORA1_03,0.2119676857812636,Faecalibacterium prausnitzii,s__Faecalibacterium_prausnitzii,Faecalibacterium_prausnitzii_M21_2__AGORA1_03,Faecalibacterium prausnitzii,western,2.0904670081734773,True,37.865523648829395,True,False,-0.6766841705457546,-0.6766841705457546,0.0,0.6766841705457546,0.0,0.6766841705457546,0.0,0.0,True,2
81_plus,Klebsiella_pneumoniae_pneumoniae_MGH78578_AGORA1_03,0.0310327184401486,Klebsiella pneumoniae,s__Klebsiella_pneumoniae,Klebsiella_pneumoniae_pneumoniae_MGH78578_AGORA1_03,Klebsiella pneumoniae,western,0.3060537249160992,True,5.543871473201597,True,False,-0.1020842199457649,-0.1020842199457649,0.0,0.1020842199457649,0.0,0.1020842199457649,0.0,0.0,True,2
81_plus,Parabacteroides_merdae_ATCC_43184_AGORA1_03,0.1365394735762943,Parabacteroides merdae,s__Parabacteroides_merdae,Parabacteroides_merdae_ATCC_43184_AGORA1_03,Parabacteroides merdae,western,1.3465839956483536,True,24.392238178413187,True,False,-0.4491530917485083,-0.4491530917485083,0.0,0.4491530917485083,0.0,0.0,0.0,-0.4491530917485083,True,2
81_plus,Ruminococcus_torques_ATCC_27756_AGORA1_03,0.0599625684405712,Ruminococcus torques,s__Ruminococcus_torques,Ruminococcus_torques_ATCC_27756_AGORA1_03,Ruminococcus torques,western,0.5913682045699538,True,10.712084814031888,True,False,-0.197250864634308,-0.197250864634308,0.0,0.197250864634308,0.0,0.197250864634308,0.0,0.0,True,2
81_plus,Bilophila_wadsworthia_3_1_6_AGORA1_03,0.0,Bilophila unclassified,s__Bilophila_wadsworthia,Bilophila_wadsworthia_3_1_6_AGORA1_03,Bilophila unclassified,western,0.0,False,,,,,0.0,0.0,0.0,0.0,0.0,0.0,0.0,False,2
