tradeoff_fraction,age_group,diet,id,growth_rate,grows_in_diet
0.0,21_40,high_fiber,Alistipes_shahii_WAL_8301_AGORA1_03,0.05153220289653216,True
0.0,21_40,high_fiber,Bacteroides_dorei_DSM_17855_AGORA1_03,0.02831256906008583,True
0.0,21_40,high_fiber,Parabacteroides_merdae_ATCC_43184_AGORA1_03,0.017446069505467683,True
0.0,21_40,high_fiber,Escherichia_coli_UTI89_UPEC_AGORA1_03,0.00686575247242193,True
0.0,21_40,high_fiber,Faecalibacterium_prausnitzii_M21_2__AGORA1_03,0.0021586533955786874,True
0.0,21_40,high_fiber,Bacteroides_xylanisolvens_XB1A_AGORA1_03,0.0021552536980527196,True
0.0,21_40,high_fiber,Ruminococcus_torques_ATCC_27756_AGORA1_03,0.0016542824036058364,True
0.0,21_40,western,Alistipes_shahii_WAL_8301_AGORA1_03,0.02112560866977206,True
0.0,21_40,western,Bacteroides_dorei_DSM_17855_AGORA1_03,0.017535673323553876,True
0.0,21_40,western,Parabacteroides_merdae_ATCC_43184_AGORA1_03,0.00877167713202189,True
0.0,21_40,western,Escherichia_coli_UTI89_UPEC_AGORA1_03,0.006379231895783239,True
0.0,21_40,western,Bacteroides_xylanisolvens_XB1A_AGORA1_03,0.002165008094740942,True
0.0,21_40,western,Ruminococcus_torques_ATCC_27756_AGORA1_03,0.0018089390816628775,True
0.0,21_40,western,Faecalibacterium_prausnitzii_M21_2__AGORA1_03,0.0017414078546963536,True
0.0,41_60,high_fiber,Bacteroides_dorei_DSM_17855_AGORA1_03,0.02105890806556937,True
0.0,41_60,high_fiber,Parabacteroides_merdae_ATCC_43184_AGORA1_03,0.016573106983790453,True
0.0,41_60,high_fiber,Faecalibacterium_prausnitzii_M21_2__AGORA1_03,0.009700405364569552,True
0.0,41_60,high_fiber,Escherichia_coli_UTI89_UPEC_AGORA1_03,0.003208082834387201,True
0.0,41_60,high_fiber,Ruminococcus_torques_ATCC_27756_AGORA1_03,0.000500922218183791,True
0.0,41_60,western,Bacteroides_dorei_DSM_17855_AGORA1_03,0.026241508882036274,True
0.0,41_60,western,Parabacteroides_merdae_ATCC_43184_AGORA1_03,0.021478471755173034,True
0.0,41_60,western,Faecalibacterium_prausnitzii_M21_2__AGORA1_03,0.009173191741566262,True
0.0,41_60,western,Escherichia_coli_UTI89_UPEC_AGORA1_03,0.004716415505838083,True
0.0,41_60,western,Ruminococcus_torques_ATCC_27756_AGORA1_03,0.0005398096689312753,True
0.0,61_70,high_fiber,Faecalibacterium_prausnitzii_M21_2__AGORA1_03,0.05002816021439957,True
0.0,61_70,high_fiber,Parabacteroides_merdae_ATCC_43184_AGORA1_03,0.03588557905729015,True
0.0,61_70,high_fiber,Bacteroides_dorei_DSM_17855_AGORA1_03,0.027576010314431416,True
0.0,61_70,high_fiber,Escherichia_coli_UTI89_UPEC_AGORA1_03,0.011912663466008477,True
0.0,61_70,high_fiber,Ruminococcus_torques_ATCC_27756_AGORA1_03,0.001132105924265776,True
0.0,61_70,western,Faecalibacterium_prausnitzii_M21_2__AGORA1_03,0.04129622089508862,True
0.0,61_70,western,Bacteroides_dorei_DSM_17855_AGORA1_03,0.029489406520633372,True
0.0,61_70,western,Parabacteroides_merdae_ATCC_43184_AGORA1_03,0.02702017198216096,True
0.0,61_70,western,Escherichia_coli_UTI89_UPEC_AGORA1_03,0.013416061634050062,True
0.0,61_70,western,Ruminococcus_torques_ATCC_27756_AGORA1_03,0.0018207259816585381,True
0.0,71_80,high_fiber,Alistipes_onderdonkii_DSM_19147_AGORA1_03,0.046545088294368625,True
0.0,71_80,high_fiber,Bacteroides_dorei_DSM_17855_AGORA1_03,0.004937593352116237,True
0.0,71_80,high_fiber,Bacteroides_xylanisolvens_XB1A_AGORA1_03,0.0024313723941664215,True
0.0,71_80,high_fiber,Klebsiella_pneumoniae_pneumoniae_MGH78578_AGORA1_03,0.002396482102785966,True
0.0,71_80,high_fiber,Escherichia_coli_UTI89_UPEC_AGORA1_03,0.001166077042728167,True
0.0,71_80,high_fiber,Faecalibacterium_prausnitzii_M21_2__AGORA1_03,0.0008333218832207846,True
0.0,71_80,high_fiber,Ruminococcus_torques_ATCC_27756_AGORA1_03,0.0005532847078712278,True
0.0,71_80,western,Alistipes_onderdonkii_DSM_19147_AGORA1_03,0.07113539527650418,True
0.0,71_80,western,Bacteroides_dorei_DSM_17855_AGORA1_03,0.009731351438986366,True
0.0,71_80,western,Klebsiella_pneumoniae_pneumoniae_MGH78578_AGORA1_03,0.004649555868103391,True
0.0,71_80,western,Bacteroides_xylanisolvens_XB1A_AGORA1_03,0.002914339411139004,True
0.0,71_80,western,Faecalibacterium_prausnitzii_M21_2__AGORA1_03,0.0017135190291248316,True
0.0,71_80,western,Escherichia_coli_UTI89_UPEC_AGORA1_03,0.0014972762262928936,True
0.0,71_80,western,Ruminococcus_torques_ATCC_27756_AGORA1_03,0.0005910381880090252,True
0.0,81_plus,high_fiber,Alistipes_onderdonkii_DSM_19147_AGORA1_03,0.12764058064807013,True
0.0,81_plus,high_fiber,Alistipes_shahii_WAL_8301_AGORA1_03,0.020417666502111555,True
0.0,81_plus,high_fiber,Bacteroides_dorei_DSM_17855_AGORA1_03,0.006774670033527912,True
0.0,81_plus,high_fiber,Parabacteroides_merdae_ATCC_43184_AGORA1_03,0.0032326821075908006,True
0.0,81_plus,high_fiber,Escherichia_coli_UTI89_UPEC_AGORA1_03,0.0029091119092658872,True
0.0,81_plus,high_fiber,Klebsiella_pneumoniae_pneumoniae_MGH78578_AGORA1_03,0.0024009068954864324,True
0.0,81_plus,high_fiber,Faecalibacterium_prausnitzii_M21_2__AGORA1_03,0.001192976392855127,True
0.0,81_plus,high_fiber,Bacteroides_xylanisolvens_XB1A_AGORA1_03,0.0006896483750159974,True
0.0,81_plus,high_fiber,Ruminococcus_torques_ATCC_27756_AGORA1_03,0.0003412670931535741,True
0.0,81_plus,western,Alistipes_onderdonkii_DSM_19147_AGORA1_03,0.16006593781263725,True
0.0,81_plus,western,Alistipes_shahii_WAL_8301_AGORA1_03,0.02343332777909936,True
0.0,81_plus,western,Bacteroides_dorei_DSM_17855_AGORA1_03,0.004418000999161185,True
0.0,81_plus,western,Escherichia_coli_UTI89_UPEC_AGORA1_03,0.003770542585929344,True
0.0,81_plus,western,Faecalibacterium_prausnitzii_M21_2__AGORA1_03,0.002477123628089983,True
0.0,81_plus,western,Parabacteroides_merdae_ATCC_43184_AGORA1_03,0.0019843388638682625,True
0.0,81_plus,western,Klebsiella_pneumoniae_pneumoniae_MGH78578_AGORA1_03,0.0017897932846976737,True
0.0,81_plus,western,Bacteroides_xylanisolvens_XB1A_AGORA1_03,0.0007057338979034423,True
0.0,81_plus,western,Ruminococcus_torques_ATCC_27756_AGORA1_03,0.0005261733342545301,True
0.1,21_40,high_fiber,Faecalibacterium_prausnitzii_M21_2__AGORA1_03,0.2960074461627035,True
0.1,21_40,high_fiber,Ruminococcus_torques_ATCC_27756_AGORA1_03,0.03419726741888654,True
0.1,21_40,high_fiber,Alistipes_shahii_WAL_8301_AGORA1_03,0.029269047314356183,True
0.1,21_40,high_fiber,Bacteroides_dorei_DSM_17855_AGORA1_03,0.028402447854659625,True
0.1,21_40,high_fiber,Escherichia_coli_UTI89_UPEC_AGORA1_03,0.026847818537952872,True
0.1,21_40,high_fiber,Parabacteroides_merdae_ATCC_43184_AGORA1_03,0.014836305362448992,True
0.1,21_40,high_fiber,Bacteroides_xylanisolvens_XB1A_AGORA1_03,0.003568383510590669,True
0.1,21_40,western,Faecalibacterium_prausnitzii_M21_2__AGORA1_03,0.3239989908428922,True
0.1,21_40,western,Ruminococcus_torques_ATCC_27756_AGORA1_03,0.03759407089580902,True
0.1,21_40,western,Bacteroides_dorei_DSM_17855_AGORA1_03,0.03388545257391222,True
0.1,21_40,western,Escherichia_coli_UTI89_UPEC_AGORA1_03,0.028719219654975297,True
0.1,21_40,western,Alistipes_shahii_WAL_8301_AGORA1_03,0.0275803481666711,True
0.1,21_40,western,Parabacteroides_merdae_ATCC_43184_AGORA1_03,0.013350104933255169,True
0.1,21_40,western,Bacteroides_xylanisolvens_XB1A_AGORA1_03,0.004139124085352698,True
0.1,41_60,high_fiber,Faecalibacterium_prausnitzii_M21_2__AGORA1_03,0.3274906944289032,True
0.1,41_60,high_fiber,Escherichia_coli_UTI89_UPEC_AGORA1_03,0.07891039681484789,True
0.1,41_60,high_fiber,Ruminococcus_torques_ATCC_27756_AGORA1_03,0.0770073568413657,True
0.1,41_60,high_fiber,Bacteroides_dorei_DSM_17855_AGORA1_03,0.027393858163121072,True
0.1,41_60,high_fiber,Parabacteroides_merdae_ATCC_43184_AGORA1_03,0.01924477485531568,True
0.1,41_60,western,Faecalibacterium_prausnitzii_M21_2__AGORA1_03,0.36503051818273713,True
0.1,41_60,western,Escherichia_coli_UTI89_UPEC_AGORA1_03,0.08850526466686584,True
0.1,41_60,western,Ruminococcus_torques_ATCC_27756_AGORA1_03,0.08572627595536052,True
0.1,41_60,western,Bacteroides_dorei_DSM_17855_AGORA1_03,0.030453535220959397,True
0.1,41_60,western,Parabacteroides_merdae_ATCC_43184_AGORA1_03,0.023420480110970553,True
0.1,61_70,high_fiber,Faecalibacterium_prausnitzii_M21_2__AGORA1_03,0.2416135534573825,True
0.1,61_70,high_fiber,Ruminococcus_torques_ATCC_27756_AGORA1_03,0.028103574363958307,True
0.1,61_70,high_fiber,Escherichia_coli_UTI89_UPEC_AGORA1_03,0.0208668296505581,True
0.1,61_70,high_fiber,Bacteroides_dorei_DSM_17855_AGORA1_03,0.012237945429592001,True
0.1,61_70,high_fiber,Parabacteroides_merdae_ATCC_43184_AGORA1_03,0.007383817664251648,True
0.1,61_70,western,Faecalibacterium_prausnitzii_M21_2__AGORA1_03,0.27173494899451583,True
0.1,61_70,western,Ruminococcus_torques_ATCC_27756_AGORA1_03,0.0321503292676673,True
0.1,61_70,western,Escherichia_coli_UTI89_UPEC_AGORA1_03,0.023354302823801368,True
0.1,61_70,western,Bacteroides_dorei_DSM_17855_AGORA1_03,0.0155326341421104,True
0.1,61_70,western,Parabacteroides_merdae_ATCC_43184_AGORA1_03,0.011746001114273362,True
0.1,71_80,high_fiber,Escherichia_coli_UTI89_UPEC_AGORA1_03,0.36217536015855656,True
0.1,71_80,high_fiber,Alistipes_onderdonkii_DSM_19147_AGORA1_03,0.2287079666798538,True
0.1,71_80,high_fiber,Faecalibacterium_prausnitzii_M21_2__AGORA1_03,0.19126862517625906,True
0.1,71_80,high_fiber,Bacteroides_dorei_DSM_17855_AGORA1_03,0.09132552887149725,True
0.1,71_80,high_fiber,Ruminococcus_torques_ATCC_27756_AGORA1_03,0.035238455888381655,True
0.1,71_80,high_fiber,Klebsiella_pneumoniae_pneumoniae_MGH78578_AGORA1_03,0.01228818519497069,True
0.1,71_80,high_fiber,Bacteroides_xylanisolvens_XB1A_AGORA1_03,0.00623917304516668,True
0.1,71_80,western,Escherichia_coli_UTI89_UPEC_AGORA1_03,0.4291826035873087,True
0.1,71_80,western,Faecalibacterium_prausnitzii_M21_2__AGORA1_03,0.22648324329673586,True
0.1,71_80,western,Alistipes_onderdonkii_DSM_19147_AGORA1_03,0.16438897329448027,True
0.1,71_80,western,Bacteroides_dorei_DSM_17855_AGORA1_03,0.1087024427796589,True
0.1,71_80,western,Ruminococcus_torques_ATCC_27756_AGORA1_03,0.04181501575209828,True
0.1,71_80,western,Klebsiella_pneumoniae_pneumoniae_MGH78578_AGORA1_03,0.017258005244885088,True
0.1,71_80,western,Bacteroides_xylanisolvens_XB1A_AGORA1_03,0.009110050676742025,True
0.1,81_plus,high_fiber,Escherichia_coli_UTI89_UPEC_AGORA1_03,0.5513511727852989,True
0.1,81_plus,high_fiber,Faecalibacterium_prausnitzii_M21_2__AGORA1_03,0.3994909927371047,True
0.1,81_plus,high_fiber,Parabacteroides_merdae_ATCC_43184_AGORA1_03,0.25733305679201296,True
0.1,81_plus,high_fiber,Bacteroides_dorei_DSM_17855_AGORA1_03,0.24533361940263657,True
0.1,81_plus,high_fiber,Alistipes_onderdonkii_DSM_19147_AGORA1_03,0.14224087225744644,True
0.1,81_plus,high_fiber,Ruminococcus_torques_ATCC_27756_AGORA1_03,0.11301022200256995,True
0.1,81_plus,high_fiber,Bacteroides_xylanisolvens_XB1A_AGORA1_03,0.0662417878438878,True
0.1,81_plus,high_fiber,Klebsiella_pneumoniae_pneumoniae_MGH78578_AGORA1_03,0.06010053634993066,True
0.1,81_plus,high_fiber,Alistipes_shahii_WAL_8301_AGORA1_03,0.05342572439718491,True
0.1,81_plus,western,Escherichia_coli_UTI89_UPEC_AGORA1_03,0.5771931596487723,True
0.1,81_plus,western,Faecalibacterium_prausnitzii_M21_2__AGORA1_03,0.4174019581115822,True
0.1,81_plus,western,Parabacteroides_merdae_ATCC_43184_AGORA1_03,0.2688696761451318,True
0.1,81_plus,western,Bacteroides_dorei_DSM_17855_AGORA1_03,0.25602217557158874,True
0.1,81_plus,western,Alistipes_onderdonkii_DSM_19147_AGORA1_03,0.14905136163789617,True
0.1,81_plus,western,Ruminococcus_torques_ATCC_27756_AGORA1_03,0.11807715303826725,True
0.1,81_plus,western,Bacteroides_xylanisolvens_XB1A_AGORA1_03,0.06921260531502171,True
0.1,81_plus,western,Klebsiella_pneumoniae_pneumoniae_MGH78578_AGORA1_03,0.06215363657666482,True
0.1,81_plus,western,Alistipes_shahii_WAL_8301_AGORA1_03,0.05570817856957402,True
0.2,21_40,high_fiber,Faecalibacterium_prausnitzii_M21_2__AGORA1_03,0.5943517146278385,True
0.2,21_40,high_fiber,Ruminococcus_torques_ATCC_27756_AGORA1_03,0.06794942450286022,True
0.2,21_40,high_fiber,Bacteroides_dorei_DSM_17855_AGORA1_03,0.049123256163589,True
0.2,21_40,high_fiber,Escherichia_coli_UTI89_UPEC_AGORA1_03,0.047652331704043135,True
0.2,21_40,high_fiber,Alistipes_shahii_WAL_8301_AGORA1_03,0.03625280631850477,True
0.2,21_40,high_fiber,Parabacteroides_merdae_ATCC_43184_AGORA1_03,0.016580199794748337,True
0.2,21_40,high_fiber,Bacteroides_xylanisolvens_XB1A_AGORA1_03,0.005345061430593507,True
0.2,21_40,western,Faecalibacterium_prausnitzii_M21_2__AGORA1_03,0.6511240067525333,True
0.2,21_40,western,Ruminococcus_torques_ATCC_27756_AGORA1_03,0.07434486542632536,True
0.2,21_40,western,Bacteroides_dorei_DSM_17855_AGORA1_03,0.05337356778183938,True
0.2,21_40,western,Escherichia_coli_UTI89_UPEC_AGORA1_03,0.051104723692813166,True
0.2,21_40,western,Alistipes_shahii_WAL_8301_AGORA1_03,0.03367270674264298,True
0.2,21_40,western,Parabacteroides_merdae_ATCC_43184_AGORA1_03,0.015333959737024283,True
0.2,21_40,western,Bacteroides_xylanisolvens_XB1A_AGORA1_03,0.005916721899589908,True
0.2,41_60,high_fiber,Faecalibacterium_prausnitzii_M21_2__AGORA1_03,0.6556662979221489,True
0.2,41_60,high_fiber,Escherichia_coli_UTI89_UPEC_AGORA1_03,0.15583575088647153,True
0.2,41_60,high_fiber,Ruminococcus_torques_ATCC_27756_AGORA1_03,0.15427858842616698,True
0.2,41_60,high_fiber,Bacteroides_dorei_DSM_17855_AGORA1_03,0.052633565249450946,True
0.2,41_60,high_fiber,Parabacteroides_merdae_ATCC_43184_AGORA1_03,0.03717139483231919,True
0.2,41_60,western,Faecalibacterium_prausnitzii_M21_2__AGORA1_03,0.7316491504985738,True
0.2,41_60,western,Escherichia_coli_UTI89_UPEC_AGORA1_03,0.17468710416779157,True
0.2,41_60,western,Ruminococcus_torques_ATCC_27756_AGORA1_03,0.17216819933656763,True
0.2,41_60,western,Bacteroides_dorei_DSM_17855_AGORA1_03,0.05865405880752955,True
0.2,41_60,western,Parabacteroides_merdae_ATCC_43184_AGORA1_03,0.041700934102235514,True
0.2,61_70,high_fiber,Faecalibacterium_prausnitzii_M21_2__AGORA1_03,0.4838273752655446,True
0.2,61_70,high_fiber,Ruminococcus_torques_ATCC_27756_AGORA1_03,0.056340394561596285,True
0.2,61_70,high_fiber,Escherichia_coli_UTI89_UPEC_AGORA1_03,0.035737799346378274,True
0.2,61_70,high_fiber,Bacteroides_dorei_DSM_17855_AGORA1_03,0.022177240478904337,True
0.2,61_70,high_fiber,Parabacteroides_merdae_ATCC_43184_AGORA1_03,0.012679321712213294,True
0.2,61_70,western,Faecalibacterium_prausnitzii_M21_2__AGORA1_03,0.5446529164541107,True
0.2,61_70,western,Ruminococcus_torques_ATCC_27756_AGORA1_03,0.06342228557895241,True
0.2,61_70,western,Escherichia_coli_UTI89_UPEC_AGORA1_03,0.0398840021078934,True
0.2,61_70,western,Bacteroides_dorei_DSM_17855_AGORA1_03,0.024844715343305263,True
0.2,61_70,western,Parabacteroides_merdae_ATCC_43184_AGORA1_03,0.013561745464026607,True
0.2,71_80,high_fiber,Escherichia_coli_UTI89_UPEC_AGORA1_03,0.7755662442098791,True
0.2,71_80,high_fiber,Faecalibacterium_prausnitzii_M21_2__AGORA1_03,0.4096935707765962,True
0.2,71_80,high_fiber,Alistipes_onderdonkii_DSM_19147_AGORA1_03,0.23885153725121616,True
0.2,71_80,high_fiber,Bacteroides_dorei_DSM_17855_AGORA1_03,0.1948031937420929,True
0.2,71_80,high_fiber,Ruminococcus_torques_ATCC_27756_AGORA1_03,0.07505149932101346,True
0.2,71_80,high_fiber,Klebsiella_pneumoniae_pneumoniae_MGH78578_AGORA1_03,0.025125100768436083,True
0.2,71_80,high_fiber,Bacteroides_xylanisolvens_XB1A_AGORA1_03,0.013457746555777353,True
0.2,71_80,western,Escherichia_coli_UTI89_UPEC_AGORA1_03,0.8732860980309818,True
0.2,71_80,western,Faecalibacterium_prausnitzii_M21_2__AGORA1_03,0.461315779667406,True
0.2,71_80,western,Alistipes_onderdonkii_DSM_19147_AGORA1_03,0.2690569752047516,True
0.2,71_80,western,Bacteroides_dorei_DSM_17855_AGORA1_03,0.21949985694955132,True
0.2,71_80,western,Ruminococcus_torques_ATCC_27756_AGORA1_03,0.08450632355952098,True
0.2,71_80,western,Klebsiella_pneumoniae_pneumoniae_MGH78578_AGORA1_03,0.030044432327441924,True
0.2,71_80,western,Bacteroides_xylanisolvens_XB1A_AGORA1_03,0.015458676827507853,True
0.2,81_plus,high_fiber,Escherichia_coli_UTI89_UPEC_AGORA1_03,1.1032783560369355,True
0.2,81_plus,high_fiber,Faecalibacterium_prausnitzii_M21_2__AGORA1_03,0.7994984437873679,True
0.2,81_plus,high_fiber,Parabacteroides_merdae_ATCC_43184_AGORA1_03,0.5149999091734236,True
0.2,81_plus,high_fiber,Bacteroides_dorei_DSM_17855_AGORA1_03,0.4896114762107428,True
0.2,81_plus,high_fiber,Alistipes_onderdonkii_DSM_19147_AGORA1_03,0.28310205885336914,True
0.2,81_plus,high_fiber,Ruminococcus_torques_ATCC_27756_AGORA1_03,0.22616626395500575,True
0.2,81_plus,high_fiber,Bacteroides_xylanisolvens_XB1A_AGORA1_03,0.1323986387859536,True
0.2,81_plus,high_fiber,Klebsiella_pneumoniae_pneumoniae_MGH78578_AGORA1_03,0.11829195190803507,True
0.2,81_plus,high_fiber,Alistipes_shahii_WAL_8301_AGORA1_03,0.10658999497891888,True
0.2,81_plus,western,Escherichia_coli_UTI89_UPEC_AGORA1_03,1.1539664766668682,True
0.2,81_plus,western,Faecalibacterium_prausnitzii_M21_2__AGORA1_03,0.8359479194120741,True
0.2,81_plus,western,Parabacteroides_merdae_ATCC_43184_AGORA1_03,0.5384843737800391,True
0.2,81_plus,western,Bacteroides_dorei_DSM_17855_AGORA1_03,0.5119319688716353,True
0.2,81_plus,western,Alistipes_onderdonkii_DSM_19147_AGORA1_03,0.29624640376452094,True
0.2,81_plus,western,Ruminococcus_torques_ATCC_27756_AGORA1_03,0.2364767301560879,True
0.2,81_plus,western,Bacteroides_xylanisolvens_XB1A_AGORA1_03,0.13843933022060664,True
0.2,81_plus,western,Klebsiella_pneumoniae_pneumoniae_MGH78578_AGORA1_03,0.12298181974156701,True
0.2,81_plus,western,Alistipes_shahii_WAL_8301_AGORA1_03,0.11138815700315133,True
0.3,21_40,high_fiber,Faecalibacterium_prausnitzii_M21_2__AGORA1_03,0.8925741668644666,True
0.3,21_40,high_fiber,Ruminococcus_torques_ATCC_27756_AGORA1_03,0.10191344944549155,True
0.3,21_40,high_fiber,Bacteroides_dorei_DSM_17855_AGORA1_03,0.07233852884834029,True
0.3,21_40,high_fiber,Escherichia_coli_UTI89_UPEC_AGORA1_03,0.06777978318502065,True
0.3,21_40,high_fiber,Alistipes_shahii_WAL_8301_AGORA1_03,0.03344677825938698,True
0.3,21_40,high_fiber,Parabacteroides_merdae_ATCC_43184_AGORA1_03,0.020985694956529407,True
0.3,21_40,high_fiber,Bacteroides_xylanisolvens_XB1A_AGORA1_03,0.0067985956744340045,True
0.3,21_40,western,Faecalibacterium_prausnitzii_M21_2__AGORA1_03,0.9774463457243875,True
0.3,21_40,western,Ruminococcus_torques_ATCC_27756_AGORA1_03,0.11160469429444142,True
0.3,21_40,western,Bacteroides_dorei_DSM_17855_AGORA1_03,0.0790135536972033,True
0.3,21_40,western,Escherichia_coli_UTI89_UPEC_AGORA1_03,0.07349542734132238,True
0.3,21_40,western,Alistipes_shahii_WAL_8301_AGORA1_03,0.03303086248155597,True
0.3,21_40,western,Parabacteroides_merdae_ATCC_43184_AGORA1_03,0.02254385243931871,True
0.3,21_40,western,Bacteroides_xylanisolvens_XB1A_AGORA1_03,0.00765183224769314,True
0.3,41_60,high_fiber,Faecalibacterium_prausnitzii_M21_2__AGORA1_03,0.983810389448082,True
0.3,41_60,high_fiber,Escherichia_coli_UTI89_UPEC_AGORA1_03,0.23289001038954868,True
0.3,41_60,high_fiber,Ruminococcus_torques_ATCC_27756_AGORA1_03,0.23149010860496205,True
0.3,41_60,high_fiber,Bacteroides_dorei_DSM_17855_AGORA1_03,0.07788717596285287,True
0.3,41_60,high_fiber,Parabacteroides_merdae_ATCC_43184_AGORA1_03,0.05513565247281173,True
0.3,41_60,western,Faecalibacterium_prausnitzii_M21_2__AGORA1_03,1.0979618041199364,True
0.3,41_60,western,Escherichia_coli_UTI89_UPEC_AGORA1_03,0.26057962960778336,True
0.3,41_60,western,Ruminococcus_torques_ATCC_27756_AGORA1_03,0.25834953288209206,True
0.3,41_60,western,Bacteroides_dorei_DSM_17855_AGORA1_03,0.08684918826741717,True
0.3,41_60,western,Parabacteroides_merdae_ATCC_43184_AGORA1_03,0.0617450036400089,True
0.3,61_70,high_fiber,Faecalibacterium_prausnitzii_M21_2__AGORA1_03,0.7260415106541919,True
0.3,61_70,high_fiber,Ruminococcus_torques_ATCC_27756_AGORA1_03,0.08454574040641478,True
0.3,61_70,high_fiber,Escherichia_coli_UTI89_UPEC_AGORA1_03,0.050408956345478526,True
0.3,61_70,high_fiber,Bacteroides_dorei_DSM_17855_AGORA1_03,0.03207323797435092,True
0.3,61_70,high_fiber,Parabacteroides_merdae_ATCC_43184_AGORA1_03,0.01781185224344141,True
0.3,61_70,western,Faecalibacterium_prausnitzii_M21_2__AGORA1_03,0.8171993977255213,True
0.3,61_70,western,Ruminococcus_torques_ATCC_27756_AGORA1_03,0.09516117661843816,True
0.3,61_70,western,Escherichia_coli_UTI89_UPEC_AGORA1_03,0.05633551724077906,True
0.3,61_70,western,Bacteroides_dorei_DSM_17855_AGORA1_03,0.035951597236878914,True
0.3,61_70,western,Parabacteroides_merdae_ATCC_43184_AGORA1_03,0.0193366952113148,True
0.3,71_80,high_fiber,Escherichia_coli_UTI89_UPEC_AGORA1_03,1.163541834839815,True
0.3,71_80,high_fiber,Faecalibacterium_prausnitzii_M21_2__AGORA1_03,0.6146425869323852,True
0.3,71_80,high_fiber,Alistipes_onderdonkii_DSM_19147_AGORA1_03,0.3581401900243769,True
0.3,71_80,high_fiber,Bacteroides_dorei_DSM_17855_AGORA1_03,0.29155326877298654,True
0.3,71_80,high_fiber,Ruminococcus_torques_ATCC_27756_AGORA1_03,0.11259463957898881,True
0.3,71_80,high_fiber,Klebsiella_pneumoniae_pneumoniae_MGH78578_AGORA1_03,0.03667569402483849,True
0.3,71_80,high_fiber,Bacteroides_xylanisolvens_XB1A_AGORA1_03,0.019083405910004892,True
0.3,71_80,western,Escherichia_coli_UTI89_UPEC_AGORA1_03,1.310235270880941,True
0.3,71_80,western,Faecalibacterium_prausnitzii_M21_2__AGORA1_03,0.6921364079222739,True
0.3,71_80,western,Alistipes_onderdonkii_DSM_19147_AGORA1_03,0.40332054321711175,True
0.3,71_80,western,Bacteroides_dorei_DSM_17855_AGORA1_03,0.3283516422524629,True
0.3,71_80,western,Ruminococcus_torques_ATCC_27756_AGORA1_03,0.12678986483915697,True
0.3,71_80,western,Klebsiella_pneumoniae_pneumoniae_MGH78578_AGORA1_03,0.04296681006278102,True
0.3,71_80,western,Bacteroides_xylanisolvens_XB1A_AGORA1_03,0.02162094400668739,True
0.3,81_plus,high_fiber,Escherichia_coli_UTI89_UPEC_AGORA1_03,1.655090372514385,True
0.3,81_plus,high_fiber,Faecalibacterium_prausnitzii_M21_2__AGORA1_03,1.1993716788373718,True
0.3,81_plus,high_fiber,Parabacteroides_merdae_ATCC_43184_AGORA1_03,0.7725786207888158,True
0.3,81_plus,high_fiber,Bacteroides_dorei_DSM_17855_AGORA1_03,0.7344938685483143,True
0.3,81_plus,high_fiber,Alistipes_onderdonkii_DSM_19147_AGORA1_03,0.4238457943849555,True
0.3,81_plus,high_fiber,Ruminococcus_torques_ATCC_27756_AGORA1_03,0.33928482795727477,True
0.3,81_plus,high_fiber,Bacteroides_xylanisolvens_XB1A_AGORA1_03,0.19861947504026492,True
0.3,81_plus,high_fiber,Klebsiella_pneumoniae_pneumoniae_MGH78578_AGORA1_03,0.17622890465150934,True
0.3,81_plus,high_fiber,Alistipes_shahii_WAL_8301_AGORA1_03,0.15981057789071126,True
0.3,81_plus,western,Escherichia_coli_UTI89_UPEC_AGORA1_03,1.7308626869498676,True
0.3,81_plus,western,Faecalibacterium_prausnitzii_M21_2__AGORA1_03,1.2541119734326833,True
0.3,81_plus,western,Parabacteroides_merdae_ATCC_43184_AGORA1_03,0.8078396203141258,True
0.3,81_plus,western,Bacteroides_dorei_DSM_17855_AGORA1_03,0.7680163946544519,True
0.3,81_plus,western,Alistipes_onderdonkii_DSM_19147_AGORA1_03,0.44380989422426537,True
0.3,81_plus,western,Ruminococcus_torques_ATCC_27756_AGORA1_03,0.3547698913926086,True
0.3,81_plus,western,Bacteroides_xylanisolvens_XB1A_AGORA1_03,0.20768475714098592,True
0.3,81_plus,western,Klebsiella_pneumoniae_pneumoniae_MGH78578_AGORA1_03,0.18411919737357682,True
0.3,81_plus,western,Alistipes_shahii_WAL_8301_AGORA1_03,0.1671043760568701,True
0.4,21_40,high_fiber,Faecalibacterium_prausnitzii_M21_2__AGORA1_03,1.181152745411802,True
0.4,21_40,high_fiber,Ruminococcus_torques_ATCC_27756_AGORA1_03,0.18016084432940407,True
0.4,21_40,high_fiber,Bacteroides_dorei_DSM_17855_AGORA1_03,0.12540150660962474,True
0.4,21_40,high_fiber,Escherichia_coli_UTI89_UPEC_AGORA1_03,0.11550566243112227,True
0.4,21_40,high_fiber,Alistipes_shahii_WAL_8301_AGORA1_03,0.041579723901544845,True
0.4,21_40,high_fiber,Parabacteroides_merdae_ATCC_43184_AGORA1_03,0.0364005080370231,True
0.4,21_40,high_fiber,Bacteroides_xylanisolvens_XB1A_AGORA1_03,0.010806666838007423,True
0.4,21_40,western,Faecalibacterium_prausnitzii_M21_2__AGORA1_03,1.3452372981529102,True
0.4,21_40,western,Ruminococcus_torques_ATCC_27756_AGORA1_03,0.18387055549289216,True
0.4,21_40,western,Bacteroides_dorei_DSM_17855_AGORA1_03,0.127852970957119,True
0.4,21_40,western,Escherichia_coli_UTI89_UPEC_AGORA1_03,0.11715561847879745,True
0.4,21_40,western,Alistipes_shahii_WAL_8301_AGORA1_03,0.04109108222526508,True
0.4,21_40,western,Parabacteroides_merdae_ATCC_43184_AGORA1_03,0.03663609336554311,True
0.4,21_40,western,Bacteroides_xylanisolvens_XB1A_AGORA1_03,0.011350294697141043,True
0.4,41_60,high_fiber,Faecalibacterium_prausnitzii_M21_2__AGORA1_03,1.3119527740217551,True
0.4,41_60,high_fiber,Escherichia_coli_UTI89_UPEC_AGORA1_03,0.309921238147153,True
0.4,41_60,high_fiber,Ruminococcus_torques_ATCC_27756_AGORA1_03,0.3087012380396156,True
0.4,41_60,high_fiber,Bacteroides_dorei_DSM_17855_AGORA1_03,0.10312764524323553,True
0.4,41_60,high_fiber,Parabacteroides_merdae_ATCC_43184_AGORA1_03,0.0731277717773212,True
0.4,41_60,western,Faecalibacterium_prausnitzii_M21_2__AGORA1_03,1.4643884121876216,True
0.4,41_60,western,Escherichia_coli_UTI89_UPEC_AGORA1_03,0.3463220109462145,True
0.4,41_60,western,Ruminococcus_torques_ATCC_27756_AGORA1_03,0.3445697973352038,True
0.4,41_60,western,Bacteroides_dorei_DSM_17855_AGORA1_03,0.11423794124538994,True
0.4,41_60,western,Parabacteroides_merdae_ATCC_43184_AGORA1_03,0.08094408375092704,True
0.4,61_70,high_fiber,Faecalibacterium_prausnitzii_M21_2__AGORA1_03,0.962565963728327,True
0.4,61_70,high_fiber,Ruminococcus_torques_ATCC_27756_AGORA1_03,0.15828271336542732,True
0.4,61_70,high_fiber,Escherichia_coli_UTI89_UPEC_AGORA1_03,0.08880969407173893,True
0.4,61_70,high_fiber,Bacteroides_dorei_DSM_17855_AGORA1_03,0.057695813810956016,True
0.4,61_70,high_fiber,Parabacteroides_merdae_ATCC_43184_AGORA1_03,0.03155894129302502,True
0.4,61_70,western,Faecalibacterium_prausnitzii_M21_2__AGORA1_03,1.0977605249763904,True
0.4,61_70,western,Ruminococcus_torques_ATCC_27756_AGORA1_03,0.15592382534094162,True
0.4,61_70,western,Escherichia_coli_UTI89_UPEC_AGORA1_03,0.08835304572836732,True
0.4,61_70,western,Bacteroides_dorei_DSM_17855_AGORA1_03,0.057038343745247355,True
0.4,61_70,western,Parabacteroides_merdae_ATCC_43184_AGORA1_03,0.030616662991522194,True
0.4,71_80,high_fiber,Escherichia_coli_UTI89_UPEC_AGORA1_03,1.5515395482841292,True
0.4,71_80,high_fiber,Faecalibacterium_prausnitzii_M21_2__AGORA1_03,0.8196198510928042,True
0.4,71_80,high_fiber,Alistipes_onderdonkii_DSM_19147_AGORA1_03,0.4774142134872622,True
0.4,71_80,high_fiber,Bacteroides_dorei_DSM_17855_AGORA1_03,0.3882764341475992,True
0.4,71_80,high_fiber,Ruminococcus_torques_ATCC_27756_AGORA1_03,0.15015432610640622,True
0.4,71_80,high_fiber,Klebsiella_pneumoniae_pneumoniae_MGH78578_AGORA1_03,0.04763313639543907,True
0.4,71_80,high_fiber,Bacteroides_xylanisolvens_XB1A_AGORA1_03,0.023881976358762665,True
0.4,71_80,western,Escherichia_coli_UTI89_UPEC_AGORA1_03,1.7471747007006975,True
0.4,71_80,western,Faecalibacterium_prausnitzii_M21_2__AGORA1_03,0.9229496395180552,True
0.4,71_80,western,Alistipes_onderdonkii_DSM_19147_AGORA1_03,0.5376193051860109,True
0.4,71_80,western,Bacteroides_dorei_DSM_17855_AGORA1_03,0.43722197784126904,True
0.4,71_80,western,Ruminococcus_torques_ATCC_27756_AGORA1_03,0.1690722528772843,True
0.4,71_80,western,Klebsiella_pneumoniae_pneumoniae_MGH78578_AGORA1_03,0.05593843434707997,True
0.4,71_80,western,Bacteroides_xylanisolvens_XB1A_AGORA1_03,0.027858721891173582,True
0.4,81_plus,high_fiber,Escherichia_coli_UTI89_UPEC_AGORA1_03,2.2068928923845843,True
0.4,81_plus,high_fiber,Faecalibacterium_prausnitzii_M21_2__AGORA1_03,1.5992378829452076,True
0.4,81_plus,high_fiber,Parabacteroides_merdae_ATCC_43184_AGORA1_03,1.0301503181040512,True
0.4,81_plus,high_fiber,Bacteroides_dorei_DSM_17855_AGORA1_03,0.9793720294470392,True
0.4,81_plus,high_fiber,Alistipes_onderdonkii_DSM_19147_AGORA1_03,0.5646563459941474,True
0.4,81_plus,high_fiber,Ruminococcus_torques_ATCC_27756_AGORA1_03,0.4524014778639009,True
0.4,81_plus,high_fiber,Bacteroides_xylanisolvens_XB1A_AGORA1_03,0.26483928457701944,True
0.4,81_plus,high_fiber,Klebsiella_pneumoniae_pneumoniae_MGH78578_AGORA1_03,0.2341335175044092,True
0.4,81_plus,high_fiber,Alistipes_shahii_WAL_8301_AGORA1_03,0.21309095728233576,True
0.4,81_plus,western,Escherichia_coli_UTI89_UPEC_AGORA1_03,2.3078077492380302,True
0.4,81_plus,western,Faecalibacterium_prausnitzii_M21_2__AGORA1_03,1.6723559795820961,True
0.4,81_plus,western,Parabacteroides_merdae_ATCC_43184_AGORA1_03,1.0772574669600712,True
0.4,81_plus,western,Bacteroides_dorei_DSM_17855_AGORA1_03,1.024155644712364,True
0.4,81_plus,western,Alistipes_onderdonkii_DSM_19147_AGORA1_03,0.5910585416438424,True
0.4,81_plus,western,Ruminococcus_torques_ATCC_27756_AGORA1_03,0.47308833429218894,True
0.4,81_plus,western,Bacteroides_xylanisolvens_XB1A_AGORA1_03,0.27694749246215805,True
0.4,81_plus,western,Klebsiella_pneumoniae_pneumoniae_MGH78578_AGORA1_03,0.24484003228733003,True
0.4,81_plus,western,Alistipes_shahii_WAL_8301_AGORA1_03,0.22283517130131017,True
0.5,21_40,high_fiber,Faecalibacterium_prausnitzii_M21_2__AGORA1_03,1.4093267877388707,True
0.5,21_40,high_fiber,Ruminococcus_torques_ATCC_27756_AGORA1_03,0.2263048969705739,True
0.5,21_40,high_fiber,Bacteroides_dorei_DSM_17855_AGORA1_03,0.157047329205441,True
0.5,21_40,high_fiber,Escherichia_coli_UTI89_UPEC_AGORA1_03,0.1437159947185244,True
0.5,21_40,high_fiber,Alistipes_shahii_WAL_8301_AGORA1_03,0.05007650803004561,True
0.5,21_40,high_fiber,Parabacteroides_merdae_ATCC_43184_AGORA1_03,0.045314512679910796,True
0.5,21_40,high_fiber,Bacteroides_xylanisolvens_XB1A_AGORA1_03,0.013250485005032425,True
0.5,21_40,western,Faecalibacterium_prausnitzii_M21_2__AGORA1_03,1.577706054927939,True
0.5,21_40,western,Ruminococcus_torques_ATCC_27756_AGORA1_03,0.24877645757921307,True
0.5,21_40,western,Bacteroides_dorei_DSM_17855_AGORA1_03,0.1723347666835068,True
0.5,21_40,western,Escherichia_coli_UTI89_UPEC_AGORA1_03,0.15644567603539494,True
0.5,21_40,western,Alistipes_shahii_WAL_8301_AGORA1_03,0.05554065312433603,True
0.5,21_40,western,Parabacteroides_merdae_ATCC_43184_AGORA1_03,0.049119279819065775,True
0.5,21_40,western,Bacteroides_xylanisolvens_XB1A_AGORA1_03,0.014735290352011555,True
0.5,41_60,high_fiber,Faecalibacterium_prausnitzii_M21_2__AGORA1_03,1.607692245868128,True
0.5,41_60,high_fiber,Ruminococcus_torques_ATCC_27756_AGORA1_03,0.4486951826025765,True
0.5,41_60,high_fiber,Escherichia_coli_UTI89_UPEC_AGORA1_03,0.44813743055052313,True
0.5,41_60,high_fiber,Bacteroides_dorei_DSM_17855_AGORA1_03,0.14974390964989304,True
0.5,41_60,high_fiber,Parabacteroides_merdae_ATCC_43184_AGORA1_03,0.10724450298122609,True
0.5,41_60,western,Faecalibacterium_prausnitzii_M21_2__AGORA1_03,1.796967733006547,True
0.5,41_60,western,Ruminococcus_torques_ATCC_27756_AGORA1_03,0.5019578392625836,True
0.5,41_60,western,Escherichia_coli_UTI89_UPEC_AGORA1_03,0.5017278481851025,True
0.5,41_60,western,Bacteroides_dorei_DSM_17855_AGORA1_03,0.16721415358840952,True
0.5,41_60,western,Parabacteroides_merdae_ATCC_43184_AGORA1_03,0.11922589880633196,True
0.5,61_70,high_fiber,Faecalibacterium_prausnitzii_M21_2__AGORA1_03,1.1950758165789381,True
0.5,61_70,high_fiber,Ruminococcus_torques_ATCC_27756_AGORA1_03,0.20148102471592863,True
0.5,61_70,high_fiber,Escherichia_coli_UTI89_UPEC_AGORA1_03,0.11166113871225695,True
0.5,61_70,high_fiber,Bacteroides_dorei_DSM_17855_AGORA1_03,0.07267868675849337,True
0.5,61_70,high_fiber,Parabacteroides_merdae_ATCC_43184_AGORA1_03,0.03962644819004006,True
0.5,61_70,western,Faecalibacterium_prausnitzii_M21_2__AGORA1_03,1.3499906821565286,True
0.5,61_70,western,Ruminococcus_torques_ATCC_27756_AGORA1_03,0.2297702032286891,True
0.5,61_70,western,Escherichia_coli_UTI89_UPEC_AGORA1_03,0.12698651110034864,True
0.5,61_70,western,Bacteroides_dorei_DSM_17855_AGORA1_03,0.08261419571508732,True
0.5,61_70,western,Parabacteroides_merdae_ATCC_43184_AGORA1_03,0.04445684263780839,True
0.5,71_80,high_fiber,Escherichia_coli_UTI89_UPEC_AGORA1_03,1.9394330729539067,True
0.5,71_80,high_fiber,Faecalibacterium_prausnitzii_M21_2__AGORA1_03,1.024512051536256,True
0.5,71_80,high_fiber,Alistipes_onderdonkii_DSM_19147_AGORA1_03,0.5967620839442362,True
0.5,71_80,high_fiber,Bacteroides_dorei_DSM_17855_AGORA1_03,0.4853361198575608,True
0.5,71_80,high_fiber,Ruminococcus_torques_ATCC_27756_AGORA1_03,0.18767555384258172,True
0.5,71_80,high_fiber,Klebsiella_pneumoniae_pneumoniae_MGH78578_AGORA1_03,0.059739240648282975,True
0.5,71_80,high_fiber,Bacteroides_xylanisolvens_XB1A_AGORA1_03,0.030622968861933286,True
0.5,71_80,western,Escherichia_coli_UTI89_UPEC_AGORA1_03,2.1839962589488637,True
0.5,71_80,western,Faecalibacterium_prausnitzii_M21_2__AGORA1_03,1.1537006977176067,True
0.5,71_80,western,Alistipes_onderdonkii_DSM_19147_AGORA1_03,0.6720115159450254,True
0.5,71_80,western,Bacteroides_dorei_DSM_17855_AGORA1_03,0.5465344539573938,True
0.5,71_80,western,Ruminococcus_torques_ATCC_27756_AGORA1_03,0.2113430537386497,True
0.5,71_80,western,Klebsiella_pneumoniae_pneumoniae_MGH78578_AGORA1_03,0.06900985328804177,True
0.5,71_80,western,Bacteroides_xylanisolvens_XB1A_AGORA1_03,0.03449358534254661,True
0.5,81_plus,high_fiber,Escherichia_coli_UTI89_UPEC_AGORA1_03,2.758624916136326,True
0.5,81_plus,high_fiber,Faecalibacterium_prausnitzii_M21_2__AGORA1_03,1.9990569573921115,True
0.5,81_plus,high_fiber,Parabacteroides_merdae_ATCC_43184_AGORA1_03,1.2876986338967624,True
0.5,81_plus,high_fiber,Bacteroides_dorei_DSM_17855_AGORA1_03,1.2242190113686153,True
0.5,81_plus,high_fiber,Alistipes_onderdonkii_DSM_19147_AGORA1_03,0.7057635240714604,True
0.5,81_plus,high_fiber,Ruminococcus_torques_ATCC_27756_AGORA1_03,0.5655036146336698,True
0.5,81_plus,high_fiber,Bacteroides_xylanisolvens_XB1A_AGORA1_03,0.33104896736285555,True
0.5,81_plus,high_fiber,Klebsiella_pneumoniae_pneumoniae_MGH78578_AGORA1_03,0.29266766238439834,True
0.5,81_plus,high_fiber,Alistipes_shahii_WAL_8301_AGORA1_03,0.2663645842718238,True
0.5,81_plus,western,Escherichia_coli_UTI89_UPEC_AGORA1_03,2.8847834352919133,True
0.5,81_plus,western,Faecalibacterium_prausnitzii_M21_2__AGORA1_03,2.09047466577482,True
0.5,81_plus,western,Parabacteroides_merdae_ATCC_43184_AGORA1_03,1.3465795889298955,True
0.5,81_plus,western,Bacteroides_dorei_DSM_17855_AGORA1_03,1.2802053806339126,True
0.5,81_plus,western,Alistipes_onderdonkii_DSM_19147_AGORA1_03,0.7386296075462835,True
0.5,81_plus,western,Ruminococcus_torques_ATCC_27756_AGORA1_03,0.5913654773188181,True
0.5,81_plus,western,Bacteroides_xylanisolvens_XB1A_AGORA1_03,0.34618760857049347,True
0.5,81_plus,western,Klebsiella_pneumoniae_pneumoniae_MGH78578_AGORA1_03,0.30605223336444853,True
0.5,81_plus,western,Alistipes_shahii_WAL_8301_AGORA1_03,0.27854602873512363,True
0.6,21_40,high_fiber,Faecalibacterium_prausnitzii_M21_2__AGORA1_03,1.4070470352165685,True
0.6,21_40,high_fiber,Ruminococcus_torques_ATCC_27756_AGORA1_03,0.27717372017484215,True
0.6,21_40,high_fiber,Bacteroides_dorei_DSM_17855_AGORA1_03,0.19150648916230317,True
0.6,21_40,high_fiber,Escherichia_coli_UTI89_UPEC_AGORA1_03,0.17502971067106593,True
0.6,21_40,high_fiber,Alistipes_shahii_WAL_8301_AGORA1_03,0.06137746238374371,True
0.6,21_40,high_fiber,Parabacteroides_merdae_ATCC_43184_AGORA1_03,0.0553005637509826,True
0.6,21_40,high_fiber,Bacteroides_xylanisolvens_XB1A_AGORA1_03,0.015936299211093564,True
0.6,21_40,western,Faecalibacterium_prausnitzii_M21_2__AGORA1_03,1.5744132134196511,True
0.6,21_40,western,Ruminococcus_torques_ATCC_27756_AGORA1_03,0.3227357006189004,True
0.6,21_40,western,Bacteroides_dorei_DSM_17855_AGORA1_03,0.22225102012038347,True
0.6,21_40,western,Escherichia_coli_UTI89_UPEC_AGORA1_03,0.20155688847074998,True
0.6,21_40,western,Alistipes_shahii_WAL_8301_AGORA1_03,0.07199639222194291,True
0.6,21_40,western,Parabacteroides_merdae_ATCC_43184_AGORA1_03,0.062354925883204716,True
0.6,21_40,western,Bacteroides_xylanisolvens_XB1A_AGORA1_03,0.01855396458744874,True
0.6,41_60,high_fiber,Faecalibacterium_prausnitzii_M21_2__AGORA1_03,1.6545015350023689,True
0.6,41_60,high_fiber,Ruminococcus_torques_ATCC_27756_AGORA1_03,0.5582527274364926,True
0.6,41_60,high_fiber,Escherichia_coli_UTI89_UPEC_AGORA1_03,0.5538832319918962,True
0.6,41_60,high_fiber,Bacteroides_dorei_DSM_17855_AGORA1_03,0.18414633386760912,True
0.6,41_60,high_fiber,Parabacteroides_merdae_ATCC_43184_AGORA1_03,0.13194055329847618,True
0.6,41_60,western,Faecalibacterium_prausnitzii_M21_2__AGORA1_03,1.8772149817945822,True
0.6,41_60,western,Ruminococcus_torques_ATCC_27756_AGORA1_03,0.5999718202436077,True
0.6,41_60,western,Escherichia_coli_UTI89_UPEC_AGORA1_03,0.596098281535301,True
0.6,41_60,western,Bacteroides_dorei_DSM_17855_AGORA1_03,0.19798025194581656,True
0.6,41_60,western,Parabacteroides_merdae_ATCC_43184_AGORA1_03,0.1414581373256274,True
0.6,61_70,high_fiber,Faecalibacterium_prausnitzii_M21_2__AGORA1_03,1.1938510370627275,True
0.6,61_70,high_fiber,Ruminococcus_torques_ATCC_27756_AGORA1_03,0.23949738752808306,True
0.6,61_70,high_fiber,Escherichia_coli_UTI89_UPEC_AGORA1_03,0.13190260786879607,True
0.6,61_70,high_fiber,Bacteroides_dorei_DSM_17855_AGORA1_03,0.0859621615512361,True
0.6,61_70,high_fiber,Parabacteroides_merdae_ATCC_43184_AGORA1_03,0.04672549693813863,True
0.6,61_70,western,Faecalibacterium_prausnitzii_M21_2__AGORA1_03,1.376219013331191,True
0.6,61_70,western,Ruminococcus_torques_ATCC_27756_AGORA1_03,0.28121317419790304,True
0.6,61_70,western,Escherichia_coli_UTI89_UPEC_AGORA1_03,0.15441272633494402,True
0.6,61_70,western,Bacteroides_dorei_DSM_17855_AGORA1_03,0.10044166654886953,True
0.6,61_70,western,Parabacteroides_merdae_ATCC_43184_AGORA1_03,0.0533552469501907,True
0.6,71_80,high_fiber,Escherichia_coli_UTI89_UPEC_AGORA1_03,2.327403027934514,True
0.6,71_80,high_fiber,Faecalibacterium_prausnitzii_M21_2__AGORA1_03,1.2294536622334504,True
0.6,71_80,high_fiber,Alistipes_onderdonkii_DSM_19147_AGORA1_03,0.7161378125367691,True
0.6,71_80,high_fiber,Bacteroides_dorei_DSM_17855_AGORA1_03,0.5824190667224843,True
0.6,71_80,high_fiber,Ruminococcus_torques_ATCC_27756_AGORA1_03,0.22521998289962514,True
0.6,71_80,high_fiber,Klebsiella_pneumoniae_pneumoniae_MGH78578_AGORA1_03,0.07119531612047782,True
0.6,71_80,high_fiber,Bacteroides_xylanisolvens_XB1A_AGORA1_03,0.035843940415345145,True
0.6,71_80,western,Escherichia_coli_UTI89_UPEC_AGORA1_03,2.6208202140455814,True
0.6,71_80,western,Faecalibacterium_prausnitzii_M21_2__AGORA1_03,1.3844554438254353,True
0.6,71_80,western,Alistipes_onderdonkii_DSM_19147_AGORA1_03,0.8064214183245733,True
0.6,71_80,western,Bacteroides_dorei_DSM_17855_AGORA1_03,0.6558475692476913,True
0.6,71_80,western,Ruminococcus_torques_ATCC_27756_AGORA1_03,0.2536141458100912,True
0.6,71_80,western,Klebsiella_pneumoniae_pneumoniae_MGH78578_AGORA1_03,0.0818736212941872,True
0.6,71_80,western,Bacteroides_xylanisolvens_XB1A_AGORA1_03,0.04102239247050726,True
0.6,81_plus,high_fiber,Escherichia_coli_UTI89_UPEC_AGORA1_03,3.3103503638383103,True
0.6,81_plus,high_fiber,Faecalibacterium_prausnitzii_M21_2__AGORA1_03,2.3988696032745027,True
0.6,81_plus,high_fiber,Parabacteroides_merdae_ATCC_43184_AGORA1_03,1.5452450825214235,True
0.6,81_plus,high_fiber,Bacteroides_dorei_DSM_17855_AGORA1_03,1.4690631619417744,True
0.6,81_plus,high_fiber,Alistipes_onderdonkii_DSM_19147_AGORA1_03,0.8469163536168411,True
0.6,81_plus,high_fiber,Ruminococcus_torques_ATCC_27756_AGORA1_03,0.6786044492298059,True
0.6,81_plus,high_fiber,Bacteroides_xylanisolvens_XB1A_AGORA1_03,0.3972604725034495,True
0.6,81_plus,high_fiber,Klebsiella_pneumoniae_pneumoniae_MGH78578_AGORA1_03,0.35120144082065796,True
0.6,81_plus,high_fiber,Alistipes_shahii_WAL_8301_AGORA1_03,0.31963756063854293,True
0.6,81_plus,western,Escherichia_coli_UTI89_UPEC_AGORA1_03,3.4618047121846143,True
0.6,81_plus,western,Faecalibacterium_prausnitzii_M21_2__AGORA1_03,2.508647065183614,True
0.6,81_plus,western,Parabacteroides_merdae_ATCC_43184_AGORA1_03,1.6159599796036053,True
0.6,81_plus,western,Bacteroides_dorei_DSM_17855_AGORA1_03,1.536290577073901,True
0.6,81_plus,western,Alistipes_onderdonkii_DSM_19147_AGORA1_03,0.88567261885531,True
0.6,81_plus,western,Ruminococcus_torques_ATCC_27756_AGORA1_03,0.7096583895650213,True
0.6,81_plus,western,Bacteroides_xylanisolvens_XB1A_AGORA1_03,0.4154216941853776,True
0.6,81_plus,western,Klebsiella_pneumoniae_pneumoniae_MGH78578_AGORA1_03,0.367272739887926,True
0.6,81_plus,western,Alistipes_shahii_WAL_8301_AGORA1_03,0.33426484512238125,True
0.7,21_40,high_fiber,Faecalibacterium_prausnitzii_M21_2__AGORA1_03,1.4043132092326849,True
0.7,21_40,high_fiber,Ruminococcus_torques_ATCC_27756_AGORA1_03,0.338487163794992,True
0.7,21_40,high_fiber,Bacteroides_dorei_DSM_17855_AGORA1_03,0.23291158495012818,True
0.7,21_40,high_fiber,Escherichia_coli_UTI89_UPEC_AGORA1_03,0.21228137941181974,True
0.7,21_40,high_fiber,Alistipes_shahii_WAL_8301_AGORA1_03,0.07517071655135628,True
0.7,21_40,high_fiber,Parabacteroides_merdae_ATCC_43184_AGORA1_03,0.06637017931468624,True
0.7,21_40,high_fiber,Bacteroides_xylanisolvens_XB1A_AGORA1_03,0.0192765548701168,True
0.7,21_40,western,Faecalibacterium_prausnitzii_M21_2__AGORA1_03,1.5701451179136878,True
0.7,21_40,western,Ruminococcus_torques_ATCC_27756_AGORA1_03,0.41834127762762746,True
0.7,21_40,western,Bacteroides_dorei_DSM_17855_AGORA1_03,0.28629019996337324,True
0.7,21_40,western,Escherichia_coli_UTI89_UPEC_AGORA1_03,0.2605223425225767,True
0.7,21_40,western,Alistipes_shahii_WAL_8301_AGORA1_03,0.09346642746415593,True
0.7,21_40,western,Parabacteroides_merdae_ATCC_43184_AGORA1_03,0.07964038384294132,True
0.7,21_40,western,Bacteroides_xylanisolvens_XB1A_AGORA1_03,0.023730604460499228,True
0.7,41_60,high_fiber,Faecalibacterium_prausnitzii_M21_2__AGORA1_03,1.6414272191709915,True
0.7,41_60,high_fiber,Ruminococcus_torques_ATCC_27756_AGORA1_03,0.6557874774077807,True
0.7,41_60,high_fiber,Escherichia_coli_UTI89_UPEC_AGORA1_03,0.6508860897530353,True
0.7,41_60,high_fiber,Bacteroides_dorei_DSM_17855_AGORA1_03,0.2154615428189112,True
0.7,41_60,high_fiber,Parabacteroides_merdae_ATCC_43184_AGORA1_03,0.15407302415748284,True
0.7,41_60,western,Faecalibacterium_prausnitzii_M21_2__AGORA1_03,1.863330879063871,True
0.7,41_60,western,Ruminococcus_torques_ATCC_27756_AGORA1_03,0.6994335783402296,True
0.7,41_60,western,Escherichia_coli_UTI89_UPEC_AGORA1_03,0.6966424260654489,True
0.7,41_60,western,Bacteroides_dorei_DSM_17855_AGORA1_03,0.22979245163824769,True
0.7,41_60,western,Parabacteroides_merdae_ATCC_43184_AGORA1_03,0.16432505129240674,True
0.7,61_70,high_fiber,Faecalibacterium_prausnitzii_M21_2__AGORA1_03,1.1922112843972015,True
0.7,61_70,high_fiber,Ruminococcus_torques_ATCC_27756_AGORA1_03,0.2907879187285187,True
0.7,61_70,high_fiber,Escherichia_coli_UTI89_UPEC_AGORA1_03,0.15869061242100507,True
0.7,61_70,high_fiber,Bacteroides_dorei_DSM_17855_AGORA1_03,0.10355577378424931,True
0.7,61_70,high_fiber,Parabacteroides_merdae_ATCC_43184_AGORA1_03,0.056359998364844954,True
0.7,61_70,western,Faecalibacterium_prausnitzii_M21_2__AGORA1_03,1.3734498466715184,True
0.7,61_70,western,Ruminococcus_torques_ATCC_27756_AGORA1_03,0.3687438124554154,True
0.7,61_70,western,Escherichia_coli_UTI89_UPEC_AGORA1_03,0.20046185951262957,True
0.7,61_70,western,Bacteroides_dorei_DSM_17855_AGORA1_03,0.13039243362008807,True
0.7,61_70,western,Parabacteroides_merdae_ATCC_43184_AGORA1_03,0.0687811347876779,True
0.7,71_80,high_fiber,Escherichia_coli_UTI89_UPEC_AGORA1_03,2.71523965481565,True
0.7,71_80,high_fiber,Faecalibacterium_prausnitzii_M21_2__AGORA1_03,1.4343322539738181,True
0.7,71_80,high_fiber,Alistipes_onderdonkii_DSM_19147_AGORA1_03,0.8354737332079089,True
0.7,71_80,high_fiber,Bacteroides_dorei_DSM_17855_AGORA1_03,0.6794751728957822,True
0.7,71_80,high_fiber,Ruminococcus_torques_ATCC_27756_AGORA1_03,0.26275056084627363,True
0.7,71_80,high_fiber,Klebsiella_pneumoniae_pneumoniae_MGH78578_AGORA1_03,0.08269998167728926,True
0.7,71_80,high_fiber,Bacteroides_xylanisolvens_XB1A_AGORA1_03,0.042270709726330465,True
0.7,71_80,western,Escherichia_coli_UTI89_UPEC_AGORA1_03,3.0576396359820945,True
0.7,71_80,western,Faecalibacterium_prausnitzii_M21_2__AGORA1_03,1.6152032629768631,True
0.7,71_80,western,Alistipes_onderdonkii_DSM_19147_AGORA1_03,0.9408299095957547,True
0.7,71_80,western,Bacteroides_dorei_DSM_17855_AGORA1_03,0.7651593174153093,True
0.7,71_80,western,Ruminococcus_torques_ATCC_27756_AGORA1_03,0.2958844010057873,True
0.7,71_80,western,Klebsiella_pneumoniae_pneumoniae_MGH78578_AGORA1_03,0.09487241119845852,True
0.7,71_80,western,Bacteroides_xylanisolvens_XB1A_AGORA1_03,0.04761842107255684,True
0.7,81_plus,high_fiber,Escherichia_coli_UTI89_UPEC_AGORA1_03,3.8679451585598428,True
0.7,81_plus,high_fiber,Faecalibacterium_prausnitzii_M21_2__AGORA1_03,2.788179547276722,True
0.7,81_plus,high_fiber,Parabacteroides_merdae_ATCC_43184_AGORA1_03,1.806360906984763,True
0.7,81_plus,high_fiber,Bacteroides_dorei_DSM_17855_AGORA1_03,1.717234470929565,True
0.7,81_plus,high_fiber,Alistipes_onderdonkii_DSM_19147_AGORA1_03,0.9901991711929261,True
0.7,81_plus,high_fiber,Ruminococcus_torques_ATCC_27756_AGORA1_03,0.7931036094834626,True
0.7,81_plus,high_fiber,Bacteroides_xylanisolvens_XB1A_AGORA1_03,0.46426409484006786,True
0.7,81_plus,high_fiber,Klebsiella_pneumoniae_pneumoniae_MGH78578_AGORA1_03,0.4105212830960879,True
0.7,81_plus,high_fiber,Alistipes_shahii_WAL_8301_AGORA1_03,0.37384129917000775,True
0.7,81_plus,western,Escherichia_coli_UTI89_UPEC_AGORA1_03,4.038803649094258,True
0.7,81_plus,western,Faecalibacterium_prausnitzii_M21_2__AGORA1_03,2.9267447525975907,True
0.7,81_plus,western,Parabacteroides_merdae_ATCC_43184_AGORA1_03,1.885260060845084,True
0.7,81_plus,western,Bacteroides_dorei_DSM_17855_AGORA1_03,1.7923351963597813,True
0.7,81_plus,western,Alistipes_onderdonkii_DSM_19147_AGORA1_03,1.0332763036762047,True
0.7,81_plus,western,Ruminococcus_torques_ATCC_27756_AGORA1_03,0.8279335904348883,True
0.7,81_plus,western,Bacteroides_xylanisolvens_XB1A_AGORA1_03,0.4846719657083487,True
0.7,81_plus,western,Klebsiella_pneumoniae_pneumoniae_MGH78578_AGORA1_03,0.42848472606536997,True
0.7,81_plus,western,Alistipes_shahii_WAL_8301_AGORA1_03,0.3899748310920382,True
0.8,21_40,high_fiber,Faecalibacterium_prausnitzii_M21_2__AGORA1_03,1.4010440655588705,True
0.8,21_40,high_fiber,Ruminococcus_torques_ATCC_27756_AGORA1_03,0.41177879956095964,True
0.8,21_40,high_fiber,Bacteroides_dorei_DSM_17855_AGORA1_03,0.28232104278430087,True
0.8,21_40,high_fiber,Escherichia_coli_UTI89_UPEC_AGORA1_03,0.2571219965924507,True
0.8,21_40,high_fiber,Alistipes_shahii_WAL_8301_AGORA1_03,0.09144059687972021,True
0.8,21_40,high_fiber,Parabacteroides_merdae_ATCC_43184_AGORA1_03,0.0790371152825969,True
0.8,21_40,high_fiber,Bacteroides_xylanisolvens_XB1A_AGORA1_03,0.02323898585006779,True
0.8,21_40,western,Faecalibacterium_prausnitzii_M21_2__AGORA1_03,1.5657952394063712,True
0.8,21_40,western,Ruminococcus_torques_ATCC_27756_AGORA1_03,0.5156527101776727,True
0.8,21_40,western,Bacteroides_dorei_DSM_17855_AGORA1_03,0.3522286300857241,True
0.8,21_40,western,Escherichia_coli_UTI89_UPEC_AGORA1_03,0.31883335971603344,True
0.8,21_40,western,Alistipes_shahii_WAL_8301_AGORA1_03,0.11512628222474898,True
0.8,21_40,western,Parabacteroides_merdae_ATCC_43184_AGORA1_03,0.09636147824545059,True
0.8,21_40,western,Bacteroides_xylanisolvens_XB1A_AGORA1_03,0.029056165938204186,True
0.8,41_60,high_fiber,Faecalibacterium_prausnitzii_M21_2__AGORA1_03,1.6244887210641346,True
0.8,41_60,high_fiber,Ruminococcus_torques_ATCC_27756_AGORA1_03,0.7791753850817603,True
0.8,41_60,high_fiber,Escherichia_coli_UTI89_UPEC_AGORA1_03,0.7730478752784787,True
0.8,41_60,high_fiber,Bacteroides_dorei_DSM_17855_AGORA1_03,0.25539570145114243,True
0.8,41_60,high_fiber,Parabacteroides_merdae_ATCC_43184_AGORA1_03,0.18200008852391583,True
0.8,41_60,western,Faecalibacterium_prausnitzii_M21_2__AGORA1_03,1.8429943088189258,True
0.8,41_60,western,Ruminococcus_torques_ATCC_27756_AGORA1_03,0.8457346506798976,True
0.8,41_60,western,Escherichia_coli_UTI89_UPEC_AGORA1_03,0.842715309692544,True
0.8,41_60,western,Bacteroides_dorei_DSM_17855_AGORA1_03,0.27732074700667986,True
0.8,41_60,western,Parabacteroides_merdae_ATCC_43184_AGORA1_03,0.19792738567201532,True
0.8,61_70,high_fiber,Faecalibacterium_prausnitzii_M21_2__AGORA1_03,1.1903907180026982,True
0.8,61_70,high_fiber,Ruminococcus_torques_ATCC_27756_AGORA1_03,0.3473297067728372,True
0.8,61_70,high_fiber,Escherichia_coli_UTI89_UPEC_AGORA1_03,0.18886153322336147,True
0.8,61_70,high_fiber,Bacteroides_dorei_DSM_17855_AGORA1_03,0.1230660025669234,True
0.8,61_70,high_fiber,Parabacteroides_merdae_ATCC_43184_AGORA1_03,0.06701426776261905,True
0.8,61_70,western,Faecalibacterium_prausnitzii_M21_2__AGORA1_03,1.370032642903355,True
0.8,61_70,western,Ruminococcus_torques_ATCC_27756_AGORA1_03,0.4730556225334527,True
0.8,61_70,western,Escherichia_coli_UTI89_UPEC_AGORA1_03,0.25484757827496396,True
0.8,61_70,western,Bacteroides_dorei_DSM_17855_AGORA1_03,0.16610989418138755,True
0.8,61_70,western,Parabacteroides_merdae_ATCC_43184_AGORA1_03,0.08612061026079694,True
0.8,71_80,high_fiber,Escherichia_coli_UTI89_UPEC_AGORA1_03,3.1031398568507145,True
0.8,71_80,high_fiber,Faecalibacterium_prausnitzii_M21_2__AGORA1_03,1.639260174692799,True
0.8,71_80,high_fiber,Alistipes_onderdonkii_DSM_19147_AGORA1_03,0.954831378590083,True
0.8,71_80,high_fiber,Bacteroides_dorei_DSM_17855_AGORA1_03,0.7765473651633602,True
0.8,71_80,high_fiber,Ruminococcus_torques_ATCC_27756_AGORA1_03,0.30028764244484457,True
0.8,71_80,high_fiber,Klebsiella_pneumoniae_pneumoniae_MGH78578_AGORA1_03,0.09407536308331681,True
0.8,71_80,high_fiber,Bacteroides_xylanisolvens_XB1A_AGORA1_03,0.048036057947613835,True
0.8,71_80,western,Escherichia_coli_UTI89_UPEC_AGORA1_03,3.494468116548517,True
0.8,71_80,western,Faecalibacterium_prausnitzii_M21_2__AGORA1_03,1.8459635671167551,True
0.8,71_80,western,Alistipes_onderdonkii_DSM_19147_AGORA1_03,1.0752411561217226,True
0.8,71_80,western,Bacteroides_dorei_DSM_17855_AGORA1_03,0.8744736632592204,True
0.8,71_80,western,Ruminococcus_torques_ATCC_27756_AGORA1_03,0.33815632063569745,True
0.8,71_80,western,Klebsiella_pneumoniae_pneumoniae_MGH78578_AGORA1_03,0.10749335154034012,True
0.8,71_80,western,Bacteroides_xylanisolvens_XB1A_AGORA1_03,0.05406632276006046,True
0.8,81_plus,high_fiber,Escherichia_coli_UTI89_UPEC_AGORA1_03,4.43252570667336,True
0.8,81_plus,high_fiber,Faecalibacterium_prausnitzii_M21_2__AGORA1_03,3.1506297585920073,True
0.8,81_plus,high_fiber,Parabacteroides_merdae_ATCC_43184_AGORA1_03,2.07379947764721,True
0.8,81_plus,high_fiber,Bacteroides_dorei_DSM_17855_AGORA1_03,1.9711832729818968,True
0.8,81_plus,high_fiber,Alistipes_onderdonkii_DSM_19147_AGORA1_03,1.1367654268241565,True
0.8,81_plus,high_fiber,Ruminococcus_torques_ATCC_27756_AGORA1_03,0.9095814187817161,True
0.8,81_plus,high_fiber,Bacteroides_xylanisolvens_XB1A_AGORA1_03,0.532475819091424,True
0.8,81_plus,high_fiber,Klebsiella_pneumoniae_pneumoniae_MGH78578_AGORA1_03,0.47125507721814897,True
0.8,81_plus,high_fiber,Alistipes_shahii_WAL_8301_AGORA1_03,0.4300414373769512,True
0.8,81_plus,western,Escherichia_coli_UTI89_UPEC_AGORA1_03,4.632789519756044,True
0.8,81_plus,western,Faecalibacterium_prausnitzii_M21_2__AGORA1_03,3.30014142117004,True
0.8,81_plus,western,Parabacteroides_merdae_ATCC_43184_AGORA1_03,2.167391333056477,True
0.8,81_plus,western,Bacteroides_dorei_DSM_17855_AGORA1_03,2.0601341957416066,True
0.8,81_plus,western,Alistipes_onderdonkii_DSM_19147_AGORA1_03,1.1894450874055613,True
0.8,81_plus,western,Ruminococcus_torques_ATCC_27756_AGORA1_03,0.9494472848280849,True
0.8,81_plus,western,Bacteroides_xylanisolvens_XB1A_AGORA1_03,0.5566157819146323,True
0.8,81_plus,western,Klebsiella_pneumoniae_pneumoniae_MGH78578_AGORA1_03,0.4925177357706209,True
0.8,81_plus,western,Alistipes_shahii_WAL_8301_AGORA1_03,0.449575417643339,True
0.9,21_40,high_fiber,Faecalibacterium_prausnitzii_M21_2__AGORA1_03,1.3978865336777406,True
0.9,21_40,high_fiber,Ruminococcus_torques_ATCC_27756_AGORA1_03,0.4822078087854691,True
0.9,21_40,high_fiber,Bacteroides_dorei_DSM_17855_AGORA1_03,0.330211366676274,True
0.9,21_40,high_fiber,Escherichia_coli_UTI89_UPEC_AGORA1_03,0.29979664647492266,True
0.9,21_40,high_fiber,Alistipes_shahii_WAL_8301_AGORA1_03,0.10709502589559135,True
0.9,21_40,high_fiber,Parabacteroides_merdae_ATCC_43184_AGORA1_03,0.09135019245970841,True
0.9,21_40,high_fiber,Bacteroides_xylanisolvens_XB1A_AGORA1_03,0.026997996145282716,True
0.9,21_40,western,Faecalibacterium_prausnitzii_M21_2__AGORA1_03,1.5619806582558438,True
0.9,21_40,western,Ruminococcus_torques_ATCC_27756_AGORA1_03,0.6010607902352771,True
0.9,21_40,western,Bacteroides_dorei_DSM_17855_AGORA1_03,0.4099634376016035,True
0.9,21_40,western,Escherichia_coli_UTI89_UPEC_AGORA1_03,0.36950668983871265,True
0.9,21_40,western,Alistipes_shahii_WAL_8301_AGORA1_03,0.1338038004073271,True
0.9,21_40,western,Parabacteroides_merdae_ATCC_43184_AGORA1_03,0.11078378739734118,True
0.9,21_40,western,Bacteroides_xylanisolvens_XB1A_AGORA1_03,0.03363211461021725,True
0.9,41_60,high_fiber,Faecalibacterium_prausnitzii_M21_2__AGORA1_03,1.6081094064071857,True
0.9,41_60,high_fiber,Ruminococcus_torques_ATCC_27756_AGORA1_03,0.8988326006958303,True
0.9,41_60,high_fiber,Escherichia_coli_UTI89_UPEC_AGORA1_03,0.8905424160014664,True
0.9,41_60,high_fiber,Bacteroides_dorei_DSM_17855_AGORA1_03,0.2940923078393775,True
0.9,41_60,high_fiber,Parabacteroides_merdae_ATCC_43184_AGORA1_03,0.20746922212622326,True
0.9,41_60,western,Faecalibacterium_prausnitzii_M21_2__AGORA1_03,1.8214428020815292,True
0.9,41_60,western,Ruminococcus_torques_ATCC_27756_AGORA1_03,1.0041679349680797,True
0.9,41_60,western,Escherichia_coli_UTI89_UPEC_AGORA1_03,0.9940166139054323,True
0.9,41_60,western,Bacteroides_dorei_DSM_17855_AGORA1_03,0.3282841756591865,True
0.9,41_60,western,Parabacteroides_merdae_ATCC_43184_AGORA1_03,0.23404298061055837,True
0.9,61_70,high_fiber,Faecalibacterium_prausnitzii_M21_2__AGORA1_03,1.1882094623892443,True
0.9,61_70,high_fiber,Ruminococcus_torques_ATCC_27756_AGORA1_03,0.41510763919758065,True
0.9,61_70,high_fiber,Escherichia_coli_UTI89_UPEC_AGORA1_03,0.225052631238962,True
0.9,61_70,high_fiber,Bacteroides_dorei_DSM_17855_AGORA1_03,0.14632864573620274,True
0.9,61_70,high_fiber,Parabacteroides_merdae_ATCC_43184_AGORA1_03,0.079746089834609,True
0.9,61_70,western,Faecalibacterium_prausnitzii_M21_2__AGORA1_03,1.366661233725402,True
0.9,61_70,western,Ruminococcus_torques_ATCC_27756_AGORA1_03,0.5729189334365318,True
0.9,61_70,western,Escherichia_coli_UTI89_UPEC_AGORA1_03,0.30964142395442673,True
0.9,61_70,western,Bacteroides_dorei_DSM_17855_AGORA1_03,0.20020490275864639,True
0.9,61_70,western,Parabacteroides_merdae_ATCC_43184_AGORA1_03,0.1035726011514058,True
0.9,71_80,high_fiber,Escherichia_coli_UTI89_UPEC_AGORA1_03,3.5175178252290498,True
0.9,71_80,high_fiber,Faecalibacterium_prausnitzii_M21_2__AGORA1_03,1.6917601420109496,True
0.9,71_80,high_fiber,Alistipes_onderdonkii_DSM_19147_AGORA1_03,1.0868611302139248,True
0.9,71_80,high_fiber,Bacteroides_dorei_DSM_17855_AGORA1_03,0.8860047852853412,True
0.9,71_80,high_fiber,Ruminococcus_torques_ATCC_27756_AGORA1_03,0.340248174986594,True
0.9,71_80,high_fiber,Klebsiella_pneumoniae_pneumoniae_MGH78578_AGORA1_03,0.10705268318309145,True
0.9,71_80,high_fiber,Bacteroides_xylanisolvens_XB1A_AGORA1_03,0.054987194905503405,True
0.9,71_80,western,Escherichia_coli_UTI89_UPEC_AGORA1_03,3.9562245624734134,True
0.9,71_80,western,Faecalibacterium_prausnitzii_M21_2__AGORA1_03,2.0153682450592427,True
0.9,71_80,western,Alistipes_onderdonkii_DSM_19147_AGORA1_03,1.222655008081998,True
0.9,71_80,western,Bacteroides_dorei_DSM_17855_AGORA1_03,0.9959753492057376,True
0.9,71_80,western,Ruminococcus_torques_ATCC_27756_AGORA1_03,0.38271715682919155,True
0.9,71_80,western,Klebsiella_pneumoniae_pneumoniae_MGH78578_AGORA1_03,0.12208544689960414,True
0.9,71_80,western,Bacteroides_xylanisolvens_XB1A_AGORA1_03,0.06197423415206955,True
0.9,81_plus,high_fiber,Escherichia_coli_UTI89_UPEC_AGORA1_03,4.985712647297768,True
0.9,81_plus,high_fiber,Faecalibacterium_prausnitzii_M21_2__AGORA1_03,3.245465225360451,True
0.9,81_plus,high_fiber,Parabacteroides_merdae_ATCC_43184_AGORA1_03,2.3330791323656492,True
0.9,81_plus,high_fiber,Bacteroides_dorei_DSM_17855_AGORA1_03,2.2184277273699857,True
0.9,81_plus,high_fiber,Alistipes_onderdonkii_DSM_19147_AGORA1_03,1.27896964414825,True
0.9,81_plus,high_fiber,Ruminococcus_torques_ATCC_27756_AGORA1_03,1.0228257143790145,True
0.9,81_plus,high_fiber,Bacteroides_xylanisolvens_XB1A_AGORA1_03,0.5991774668604701,True
0.9,81_plus,high_fiber,Klebsiella_pneumoniae_pneumoniae_MGH78578_AGORA1_03,0.5301921716987349,True
0.9,81_plus,high_fiber,Alistipes_shahii_WAL_8301_AGORA1_03,0.4837295225408231,True
0.9,81_plus,western,Escherichia_coli_UTI89_UPEC_AGORA1_03,5.211637275042397,True
0.9,81_plus,western,Faecalibacterium_prausnitzii_M21_2__AGORA1_03,3.6908985768562608,True
0.9,81_plus,western,Parabacteroides_merdae_ATCC_43184_AGORA1_03,2.439470499977373,True
0.9,81_plus,western,Bacteroides_dorei_DSM_17855_AGORA1_03,2.318251601313828,True
0.9,81_plus,western,Alistipes_onderdonkii_DSM_19147_AGORA1_03,1.3389557397634115,True
0.9,81_plus,western,Ruminococcus_torques_ATCC_27756_AGORA1_03,1.0684155654660008,True
0.9,81_plus,western,Bacteroides_xylanisolvens_XB1A_AGORA1_03,0.6266914544377572,True
0.9,81_plus,western,Klebsiella_pneumoniae_pneumoniae_MGH78578_AGORA1_03,0.5542298526007239,True
0.9,81_plus,western,Alistipes_shahii_WAL_8301_AGORA1_03,0.5061250831465159,True
1.0,21_40,high_fiber,Faecalibacterium_prausnitzii_M21_2__AGORA1_03,1.398149035474689,True
1.0,21_40,high_fiber,Ruminococcus_torques_ATCC_27756_AGORA1_03,0.47656017267830963,True
1.0,21_40,high_fiber,Bacteroides_dorei_DSM_17855_AGORA1_03,0.32741350188832824,True
1.0,21_40,high_fiber,Escherichia_coli_UTI89_UPEC_AGORA1_03,0.29434319427026356,True
1.0,21_40,high_fiber,Alistipes_shahii_WAL_8301_AGORA1_03,0.10573047005700416,True
1.0,21_40,high_fiber,Parabacteroides_merdae_ATCC_43184_AGORA1_03,0.09207359859731377,True
1.0,21_40,high_fiber,Bacteroides_xylanisolvens_XB1A_AGORA1_03,0.02655883209977725,True
1.0,21_40,western,Faecalibacterium_prausnitzii_M21_2__AGORA1_03,1.5612721144944093,True
1.0,21_40,western,Ruminococcus_torques_ATCC_27756_AGORA1_03,0.6170875744470892,True
1.0,21_40,western,Bacteroides_dorei_DSM_17855_AGORA1_03,0.42178046743090375,True
1.0,21_40,western,Escherichia_coli_UTI89_UPEC_AGORA1_03,0.37709831706397934,True
1.0,21_40,western,Alistipes_shahii_WAL_8301_AGORA1_03,0.1380368514071028,True
1.0,21_40,western,Parabacteroides_merdae_ATCC_43184_AGORA1_03,0.11407780928095684,True
1.0,21_40,western,Bacteroides_xylanisolvens_XB1A_AGORA1_03,0.03442904292034767,True
1.0,41_60,high_fiber,Faecalibacterium_prausnitzii_M21_2__AGORA1_03,1.5663806435451373,True
1.0,41_60,high_fiber,Ruminococcus_torques_ATCC_27756_AGORA1_03,1.2006034770243792,True
1.0,41_60,high_fiber,Escherichia_coli_UTI89_UPEC_AGORA1_03,1.1923680682744566,True
1.0,41_60,high_fiber,Bacteroides_dorei_DSM_17855_AGORA1_03,0.39061316385486183,True
1.0,41_60,high_fiber,Parabacteroides_merdae_ATCC_43184_AGORA1_03,0.2700458703765939,True
1.0,41_60,western,Faecalibacterium_prausnitzii_M21_2__AGORA1_03,1.8146197444312593,True
1.0,41_60,western,Ruminococcus_torques_ATCC_27756_AGORA1_03,1.0537076724778638,True
1.0,41_60,western,Escherichia_coli_UTI89_UPEC_AGORA1_03,1.0420936241339103,True
1.0,41_60,western,Bacteroides_dorei_DSM_17855_AGORA1_03,0.34625020233481596,True
1.0,41_60,western,Parabacteroides_merdae_ATCC_43184_AGORA1_03,0.24431514244406297,True
1.0,61_70,high_fiber,Faecalibacterium_prausnitzii_M21_2__AGORA1_03,1.1888258204759845,True
1.0,61_70,high_fiber,Ruminococcus_torques_ATCC_27756_AGORA1_03,0.3970439212119691,True
1.0,61_70,high_fiber,Escherichia_coli_UTI89_UPEC_AGORA1_03,0.2137825594268396,True
1.0,61_70,high_fiber,Bacteroides_dorei_DSM_17855_AGORA1_03,0.13956650024035486,True
1.0,61_70,high_fiber,Parabacteroides_merdae_ATCC_43184_AGORA1_03,0.07642341875625863,True
1.0,61_70,western,Faecalibacterium_prausnitzii_M21_2__AGORA1_03,1.365609111639818,True
1.0,61_70,western,Ruminococcus_torques_ATCC_27756_AGORA1_03,0.6051847860866345,True
1.0,61_70,western,Escherichia_coli_UTI89_UPEC_AGORA1_03,0.32481518094620815,True
1.0,61_70,western,Bacteroides_dorei_DSM_17855_AGORA1_03,0.2109623450286029,True
1.0,61_70,western,Parabacteroides_merdae_ATCC_43184_AGORA1_03,0.10893987693388917,True
1.0,71_80,high_fiber,Escherichia_coli_UTI89_UPEC_AGORA1_03,3.763622302284814,True
1.0,71_80,high_fiber,Faecalibacterium_prausnitzii_M21_2__AGORA1_03,1.426433192493094,True
1.0,71_80,high_fiber,Alistipes_onderdonkii_DSM_19147_AGORA1_03,1.2061585702436923,True
1.0,71_80,high_fiber,Bacteroides_dorei_DSM_17855_AGORA1_03,0.9817356074651239,True
1.0,71_80,high_fiber,Klebsiella_pneumoniae_pneumoniae_MGH78578_AGORA1_03,0.1186516658687499,True
1.0,71_80,high_fiber,Bacteroides_xylanisolvens_XB1A_AGORA1_03,0.061003418060047845,True
1.0,71_80,high_fiber,Ruminococcus_torques_ATCC_27756_AGORA1_03,0.0,False
1.0,71_80,western,Escherichia_coli_UTI89_UPEC_AGORA1_03,4.153014872710907,True
1.0,71_80,western,Faecalibacterium_prausnitzii_M21_2__AGORA1_03,1.7352581274439765,True
1.0,71_80,western,Alistipes_onderdonkii_DSM_19147_AGORA1_03,1.374778916454201,True
1.0,71_80,western,Bacteroides_dorei_DSM_17855_AGORA1_03,1.1388806122050539,True
1.0,71_80,western,Ruminococcus_torques_ATCC_27756_AGORA1_03,0.4267592819346356,True
1.0,71_80,western,Klebsiella_pneumoniae_pneumoniae_MGH78578_AGORA1_03,0.13722709508478864,True
1.0,71_80,western,Bacteroides_xylanisolvens_XB1A_AGORA1_03,0.07349212934710905,True
1.0,81_plus,high_fiber,Escherichia_coli_UTI89_UPEC_AGORA1_03,5.539676828231658,True
1.0,81_plus,high_fiber,Faecalibacterium_prausnitzii_M21_2__AGORA1_03,2.7703082319798886,True
1.0,81_plus,high_fiber,Parabacteroides_merdae_ATCC_43184_AGORA1_03,2.5913412943196135,True
1.0,81_plus,high_fiber,Bacteroides_dorei_DSM_17855_AGORA1_03,2.4619556977188886,True
1.0,81_plus,high_fiber,Alistipes_onderdonkii_DSM_19147_AGORA1_03,1.4200518480841526,True
1.0,81_plus,high_fiber,Ruminococcus_torques_ATCC_27756_AGORA1_03,1.1364298310749648,True
1.0,81_plus,high_fiber,Bacteroides_xylanisolvens_XB1A_AGORA1_03,0.6656708093240871,True
1.0,81_plus,high_fiber,Klebsiella_pneumoniae_pneumoniae_MGH78578_AGORA1_03,0.5888095403448187,True
1.0,81_plus,high_fiber,Alistipes_shahii_WAL_8301_AGORA1_03,0.5369866746411834,True
1.0,81_plus,western,Escherichia_coli_UTI89_UPEC_AGORA1_03,5.656036095253676,True
1.0,81_plus,western,Faecalibacterium_prausnitzii_M21_2__AGORA1_03,3.284865898254032,True
1.0,81_plus,western,Parabacteroides_merdae_ATCC_43184_AGORA1_03,2.718870021319148,True
1.0,81_plus,western,Bacteroides_dorei_DSM_17855_AGORA1_03,2.5837645092705857,True
1.0,81_plus,western,Alistipes_onderdonkii_DSM_19147_AGORA1_03,1.6239625481748108,True
1.0,81_plus,western,Ruminococcus_torques_ATCC_27756_AGORA1_03,1.133177249554269,True
1.0,81_plus,western,Bacteroides_xylanisolvens_XB1A_AGORA1_03,0.696616091543514,True
1.0,81_plus,western,Klebsiella_pneumoniae_pneumoniae_MGH78578_AGORA1_03,0.6160903478551243,True
1.0,81_plus,western,Alistipes_shahii_WAL_8301_AGORA1_03,0.6137222416867879,True
